time,temperature_2m_max,temperature_2m_min,temperature_2m_mean,apparent_temperature_max,apparent_temperature_min,wind_speed_10m_max,wind_gusts_10m_max,wind_direction_10m_dominant,shortwave_radiation_sum,sunshine_duration,daylight_duration,et0_fao_evapotranspiration,precipitation_sum
2021-01-01,8.8,3.8,6.5,5.9,-0.4,21.9,42.8,180,1.54,5948.71,29184.32,0.27,4.0
2021-01-02,5.7,0.3,2.6,2.3,-3.4,17.3,31.3,234,3.38,22837.44,29253.04,0.41,0.0
2021-01-03,4.4,-0.3,1.5,-0.1,-4.5,21.5,39.6,152,2.04,0.0,29327.07,0.22,0.0
2021-01-04,4.3,0.9,2.3,0.6,-3.9,19.8,36.4,145,1.4,0.0,29406.31,0.21,1.5
2021-01-05,0.7,-1.3,-0.3,-3.9,-6.2,18.3,34.6,116,1.45,0.0,29490.64,0.2,0.2
2021-01-06,0.9,-0.9,0.1,-1.9,-4.5,13.1,24.1,119,0.86,0.0,29579.97,0.15,4.4
2021-01-07,3.7,0.4,2.3,1.6,-2.6,18.4,31.3,125,0.85,0.0,29674.18,0.13,12.2
2021-01-08,2.0,-0.3,1.2,-3.1,-4.6,26.4,48.6,270,1.81,167.96,29773.27,0.38,2.5
2021-01-09,1.2,-1.1,-0.2,-3.2,-5.5,16.1,32.0,270,3.08,18281.37,29878.35,0.37,0.1
2021-01-10,1.0,-1.0,-0.2,-3.1,-5.9,17.6,32.0,282,2.02,9254.31,29989.48,0.38,0.1
2021-01-11,0.6,-1.4,-0.8,-3.5,-4.8,9.4,19.8,279,1.15,490.83,30106.4,0.23,0.4
2021-01-12,0.2,-1.6,-0.9,-4.4,-6.8,18.5,34.6,165,2.14,2789.51,30228.84,0.48,0.0
2021-01-13,-1.6,-3.4,-2.3,-5.8,-7.8,15.4,29.5,84,2.0,0.0,30356.53,0.4,0.4
2021-01-14,-0.5,-4.1,-2.5,-4.2,-8.0,9.0,18.7,181,1.45,0.0,30489.19,0.23,1.2
2021-01-15,-3.0,-12.2,-8.7,-7.1,-17.7,18.7,39.6,316,3.69,10800.0,30626.58,0.41,1.0
2021-01-16,-12.6,-18.7,-15.1,-18.2,-24.3,15.0,29.5,299,5.14,21600.0,30768.43,0.27,0.0
2021-01-17,-13.9,-19.1,-17.1,-18.5,-23.9,10.0,15.5,311,5.99,28800.0,30914.49,0.21,0.0
2021-01-18,-14.0,-22.5,-17.5,-19.1,-28.3,13.2,24.8,310,5.08,22716.47,31064.51,0.22,0.0
2021-01-19,-12.6,-18.2,-15.8,-17.7,-23.2,10.3,19.8,294,5.24,24800.49,31218.22,0.24,0.0
2021-01-20,-9.0,-22.5,-13.8,-14.6,-28.4,15.9,28.4,157,5.96,27195.08,31375.41,0.32,0.0
2021-01-21,2.0,-8.8,-2.9,-2.7,-14.3,18.6,33.1,187,5.18,27826.83,31535.82,0.44,0.6
2021-01-22,4.7,-3.2,0.2,0.6,-7.7,16.9,29.2,192,4.8,22852.53,31699.23,0.47,0.0
2021-01-23,4.6,-1.9,0.7,1.0,-5.7,15.1,27.4,168,6.12,29626.12,31865.39,0.47,0.0
2021-01-24,7.3,1.0,4.5,2.9,-3.2,24.2,43.6,156,1.53,0.0,32034.11,0.25,0.7
2021-01-25,6.7,3.7,5.1,1.9,0.2,27.8,50.4,141,1.85,0.0,32205.14,0.22,7.7
2021-01-26,6.0,0.6,2.5,1.2,-5.5,39.5,73.4,219,3.37,10283.48,32378.28,0.81,5.1
2021-01-27,0.7,-0.8,-0.0,-3.3,-5.8,18.5,34.2,307,1.96,0.0,32553.31,0.51,1.2
2021-01-28,0.3,-1.5,-0.7,-4.6,-6.7,22.4,42.5,343,1.63,0.0,32730.24,0.3,8.5
2021-01-29,0.4,-5.2,-2.5,-5.3,-10.4,23.1,45.7,256,3.24,12971.72,32910.84,0.51,4.0
2021-01-30,-3.1,-9.4,-4.9,-6.5,-13.9,15.8,32.8,203,3.19,3444.91,33095.37,0.25,2.8
2021-01-31,-0.8,-9.9,-4.2,-5.3,-14.6,19.5,36.0,281,5.77,20462.02,33283.54,0.4,1.8
2021-02-01,-3.3,-10.1,-6.6,-8.1,-15.0,16.6,29.5,51,5.34,5213.98,33475.07,0.31,0.6
2021-02-02,-2.8,-8.5,-5.9,-6.3,-13.5,13.1,28.4,34,5.06,6886.34,33669.7,0.35,0.5
2021-02-03,2.0,-5.6,-0.8,-1.7,-10.0,14.7,26.6,203,4.84,5104.18,33867.17,0.38,0.2
2021-02-04,4.2,-1.0,1.9,0.5,-6.7,30.3,55.1,225,2.77,0.0,34067.22,0.32,2.8
2021-02-05,-1.9,-6.9,-4.7,-8.8,-13.2,30.9,56.2,316,4.13,2345.63,34269.6,0.67,0.0
2021-02-06,-2.1,-10.0,-6.1,-7.9,-15.6,17.3,33.8,299,5.22,15528.77,34474.06,0.74,0.2
2021-02-07,-9.5,-12.8,-11.2,-14.1,-17.6,12.3,24.5,42,6.15,20279.67,34680.38,0.49,0.0
2021-02-08,-8.0,-12.2,-10.6,-15.1,-18.5,27.5,49.0,102,2.52,0.0,34888.31,0.36,10.3
2021-02-09,-4.0,-7.8,-6.3,-8.6,-14.9,26.1,46.8,106,5.23,6924.15,35097.64,0.39,12.4
2021-02-10,-3.7,-8.8,-6.1,-8.1,-12.7,15.9,25.6,46,4.75,1502.81,35308.14,0.33,7.7
2021-02-11,-6.2,-10.4,-7.9,-11.5,-14.6,20.4,32.8,50,2.6,0.0,35519.61,0.21,9.0
2021-02-12,-7.6,-13.6,-11.1,-13.8,-20.6,30.3,50.0,314,5.68,0.0,35731.82,0.36,6.1
2021-02-13,-10.9,-13.1,-12.3,-18.9,-21.4,34.2,55.4,309,5.54,0.0,35944.6,0.43,5.1
2021-02-14,-3.5,-12.4,-8.4,-8.9,-19.8,30.8,51.1,308,7.79,23880.55,36157.72,0.56,0.0
2021-02-15,-6.0,-12.8,-9.7,-11.8,-17.9,17.6,28.8,318,6.51,16133.02,36371.01,0.36,0.9
2021-02-16,-9.9,-17.1,-14.0,-14.1,-22.9,13.8,18.0,274,10.53,30031.46,36584.26,0.49,0.0
2021-02-17,-6.8,-16.5,-11.6,-11.1,-21.7,11.3,19.1,207,8.67,18273.4,36797.49,0.48,0.0
2021-02-18,-8.3,-14.7,-9.8,-11.9,-19.6,20.2,34.9,356,7.87,20643.17,37012.54,0.35,0.3
2021-02-19,-9.0,-22.8,-15.3,-13.6,-27.6,12.2,20.2,219,11.7,35556.92,37229.73,0.51,0.0
2021-02-20,0.4,-13.1,-7.0,-4.1,-18.4,15.9,26.3,214,6.9,14071.7,37448.88,0.53,0.0
2021-02-21,2.8,0.2,1.0,-0.7,-4.0,15.5,25.6,265,6.4,13019.15,37669.75,0.57,0.2
2021-02-22,4.9,-1.5,1.1,0.8,-6.0,15.4,25.6,277,11.41,35992.84,37892.18,0.97,0.0
2021-02-23,-0.1,-4.2,-2.0,-4.4,-9.1,16.2,29.9,111,6.42,7533.27,38115.98,0.47,0.0
2021-02-24,3.0,-4.7,-0.3,0.1,-10.1,17.1,30.2,198,4.79,0.0,38340.94,0.49,0.5
2021-02-25,7.7,1.2,3.8,4.2,-2.1,16.2,28.8,270,10.92,36169.63,38566.91,0.97,0.0
2021-02-26,10.1,1.2,4.6,6.1,-3.4,19.4,37.8,266,11.75,36239.67,38793.69,1.23,0.0
2021-02-27,5.2,1.5,3.3,0.6,-2.9,22.0,39.6,300,3.41,3331.58,39021.12,0.51,2.9
2021-02-28,3.2,0.7,1.6,-1.9,-3.9,21.1,39.6,310,3.92,2020.91,39249.02,0.54,3.0
2021-03-01,2.6,0.2,1.1,-1.0,-3.7,13.2,26.6,337,3.83,883.76,39477.22,0.43,0.5
2021-03-02,3.8,0.4,2.1,-1.6,-4.0,24.1,46.8,290,3.7,0.0,39705.56,0.57,0.0
2021-03-03,6.8,-1.4,2.2,2.2,-6.0,21.4,38.2,299,13.01,37818.77,39933.89,1.36,0.0
2021-03-04,10.3,-0.9,4.0,5.7,-5.5,24.3,46.1,250,11.63,36649.9,40162.03,1.44,0.3
2021-03-05,3.3,-0.7,1.7,0.0,-4.7,18.0,33.5,338,5.45,8546.09,40389.83,0.7,1.4
2021-03-06,2.2,-5.7,-2.0,-3.3,-10.7,21.4,46.8,315,12.44,38044.34,40617.14,1.36,0.7
2021-03-07,3.1,-5.1,-0.6,-4.0,-10.4,33.5,64.4,253,7.64,21865.54,40843.79,1.29,0.2
2021-03-08,2.5,-4.4,0.3,-3.6,-9.8,26.1,53.3,287,11.07,31442.46,41069.63,1.39,0.9
2021-03-09,-1.7,-6.1,-3.8,-6.5,-10.5,17.2,34.6,324,9.74,25747.44,41294.68,0.99,0.0
2021-03-10,1.0,-7.6,-4.0,-3.3,-11.9,9.8,23.8,143,14.61,39469.73,41520.62,1.37,0.0
2021-03-11,2.1,-7.6,-3.3,-3.3,-11.7,19.2,33.5,149,14.55,39073.36,41747.78,1.54,0.0
2021-03-12,1.6,-4.2,-1.9,-5.1,-10.6,34.5,66.6,168,4.74,3600.0,41976.01,1.17,6.4
2021-03-13,9.1,-0.3,3.2,5.1,-4.4,17.3,31.0,221,14.81,39930.04,42205.16,1.63,0.7
2021-03-14,9.2,1.0,4.4,4.1,-3.9,27.4,50.4,189,12.71,26535.6,42435.11,1.41,0.0
2021-03-15,6.8,0.3,3.8,3.9,-2.6,11.8,25.2,135,4.87,3773.87,42665.69,0.56,2.5
2021-03-16,9.0,1.4,4.7,5.3,-2.6,19.2,36.4,112,11.92,36969.35,42896.77,1.31,0.8
2021-03-17,5.7,-0.7,2.5,1.3,-4.9,15.9,33.1,43,7.6,13539.94,43128.21,1.03,0.0
2021-03-18,5.9,0.2,2.8,1.5,-3.4,14.7,29.9,349,10.7,36814.44,43359.88,1.21,0.1
2021-03-19,3.3,-0.5,1.3,-0.5,-3.9,14.7,29.9,341,7.12,6468.62,43591.63,0.73,1.6
2021-03-20,4.7,-2.3,0.8,-0.2,-6.3,13.9,30.6,330,13.26,31575.08,43823.32,1.43,0.5
2021-03-21,4.1,-3.8,-0.0,-2.1,-8.2,25.1,47.2,259,11.09,30996.77,44054.81,1.44,0.0
2021-03-22,2.8,-0.9,1.0,-1.5,-5.9,16.0,29.9,278,5.79,3600.0,44285.96,1.1,1.2
2021-03-23,2.6,-3.8,-0.4,-3.2,-8.5,24.5,53.6,349,16.4,43123.12,44516.65,1.7,1.0
2021-03-24,5.1,-3.0,0.5,-0.6,-8.8,24.7,48.2,20,12.83,35154.37,44746.71,1.6,0.1
2021-03-25,7.3,-3.4,1.3,2.1,-8.1,18.2,37.8,359,17.75,42420.46,44976.02,1.99,0.0
2021-03-26,10.8,-1.8,4.0,6.3,-6.1,17.8,37.8,341,16.99,40970.65,45204.42,2.15,0.0
2021-03-27,13.2,2.8,7.2,9.7,-0.2,10.9,24.5,321,15.66,43006.34,45431.77,2.14,0.1
2021-03-28,14.4,0.4,7.6,10.9,-2.8,18.4,32.8,232,17.16,43200.0,45657.92,2.56,0.3
2021-03-29,10.6,4.1,6.6,7.9,-0.3,20.7,37.4,346,9.71,22043.99,45882.89,1.3,0.1
2021-03-30,12.8,3.1,7.7,9.7,-0.2,14.8,28.1,157,13.83,28911.68,46108.23,2.22,0.0
2021-03-31,13.6,5.2,8.8,11.4,0.5,14.7,27.7,207,7.57,5453.12,46334.27,1.79,0.4
2021-04-01,18.8,8.9,13.1,15.8,6.1,15.0,29.5,226,16.23,39861.14,46560.88,2.85,0.8
2021-04-02,11.9,4.2,7.8,8.3,0.2,24.2,45.7,302,5.18,4025.7,46787.91,1.1,6.0
2021-04-03,10.4,1.1,5.4,6.4,-2.2,13.0,29.5,332,15.73,33212.05,47015.25,2.18,0.0
2021-04-04,8.4,-0.2,3.8,6.0,-3.5,11.6,28.8,337,15.61,43200.0,47242.76,1.73,3.1
2021-04-05,9.0,-1.5,4.1,4.4,-4.9,16.8,33.5,234,15.11,34745.48,47470.31,2.17,0.3
2021-04-06,12.4,2.2,6.8,9.3,-2.1,21.2,37.8,208,13.73,25774.89,47697.75,2.37,0.1
2021-04-07,5.5,0.6,2.8,2.5,-4.1,19.5,36.7,304,4.34,0.0,47924.94,0.53,4.8
2021-04-08,7.2,-1.4,2.7,2.7,-6.1,21.6,43.6,265,18.32,44328.62,48151.75,2.03,0.2
2021-04-09,9.1,-1.1,3.8,5.6,-5.0,12.3,24.8,270,19.28,45318.32,48378.04,2.3,0.5
2021-04-10,12.6,-0.1,6.4,8.8,-4.0,16.3,33.8,183,21.44,45579.71,48603.64,3.02,0.0
2021-04-11,15.7,1.4,8.2,12.9,-2.2,11.8,23.4,150,21.79,46576.37,48828.43,3.36,0.0
2021-04-12,13.8,2.0,7.8,10.6,-1.8,12.3,27.0,64,12.77,23950.03,49052.23,2.01,1.5
2021-04-13,12.4,6.3,9.3,9.9,4.5,14.1,29.2,138,6.92,3982.82,49274.9,1.17,0.0
2021-04-14,16.1,8.1,10.7,13.6,5.2,13.7,29.9,148,12.97,26896.43,49496.28,2.24,0.0
2021-04-15,14.4,7.7,10.2,12.2,5.9,7.9,23.0,234,11.85,27996.42,49716.19,1.89,0.0
2021-04-16,10.1,6.1,7.9,8.3,3.5,10.8,19.8,305,7.63,607.45,49934.47,1.11,8.9
2021-04-17,8.4,5.6,7.1,6.8,2.9,10.0,21.6,150,5.79,3600.0,50150.95,0.88,3.5
2021-04-18,10.9,3.3,7.3,8.6,0.4,16.3,34.9,294,8.2,21024.21,50365.6,1.21,0.7
2021-04-19,12.4,1.5,7.7,9.2,-1.8,14.8,31.0,26,17.22,48225.97,50579.95,2.38,0.1
2021-04-20,11.4,3.2,7.6,9.0,0.4,15.7,32.4,5,17.38,48879.18,50794.3,2.15,0.3
2021-04-21,13.1,4.8,8.6,9.9,1.6,18.8,36.4,273,15.51,37045.11,51008.5,2.14,0.9
2021-04-22,16.4,5.9,11.0,13.2,3.2,20.4,47.2,215,18.8,44053.2,51222.41,2.95,3.0
2021-04-23,11.4,4.2,7.9,7.5,0.3,20.4,38.5,295,11.21,10422.81,51435.88,1.98,2.5
2021-04-24,8.6,1.6,5.0,3.9,-2.6,26.4,56.2,282,22.19,50400.0,51648.74,2.74,0.3
2021-04-25,10.1,0.9,5.5,5.3,-3.5,19.8,40.0,262,13.96,28800.0,51860.84,2.07,1.6
2021-04-26,8.6,2.3,5.2,4.0,-1.1,17.1,35.3,323,18.71,39765.18,52072.02,2.42,1.7
2021-04-27,8.3,0.4,3.9,4.5,-3.1,13.2,30.2,279,18.94,46301.92,52282.1,2.26,1.3
2021-04-28,12.9,-0.4,6.4,9.9,-3.7,10.5,22.3,227,22.61,50400.0,52490.93,3.1,0.0
2021-04-29,16.5,1.8,9.6,12.6,-1.3,19.9,41.4,163,19.75,47851.2,52698.3,3.29,0.0
2021-04-30,20.9,8.9,14.4,18.1,5.9,19.2,45.0,200,17.97,43681.81,52904.06,3.36,1.1
2021-05-01,21.4,9.8,15.8,19.8,8.3,12.3,21.6,248,23.49,49879.9,53108.0,4.08,0.0
2021-05-02,22.2,12.9,16.4,23.0,11.3,23.1,47.2,161,18.39,37260.72,53309.94,3.28,2.5
2021-05-03,14.9,7.2,11.7,13.8,2.1,29.2,56.5,273,22.46,49825.06,53509.67,3.47,0.4
2021-05-04,12.9,4.5,8.5,8.4,-0.1,26.1,50.4,273,21.78,49589.43,53706.98,3.33,0.5
2021-05-05,20.2,6.3,13.5,16.2,2.1,22.8,42.8,190,23.82,49792.57,53901.69,4.76,0.1
2021-05-06,15.6,8.7,12.6,12.0,5.9,25.1,56.2,236,17.45,47710.44,54093.55,3.5,1.3
2021-05-07,18.0,4.7,12.0,13.8,1.7,28.1,54.0,188,14.02,23638.56,54282.35,3.06,5.4
2021-05-08,11.9,5.9,9.2,11.3,1.9,27.3,57.2,298,10.27,18805.94,54468.02,1.35,7.6
2021-05-09,13.6,3.3,8.7,9.9,-0.5,24.1,46.4,309,20.89,46335.23,54651.98,3.04,1.7
2021-05-10,17.9,4.3,11.4,16.3,1.1,11.0,23.4,92,26.99,50950.48,54834.48,4.27,0.0
2021-05-11,21.9,6.3,14.6,19.6,3.1,19.8,38.5,17,26.48,51284.31,55015.36,4.75,0.0
2021-05-12,14.7,8.8,12.5,12.0,5.3,25.6,51.1,86,17.07,37731.55,55194.45,3.13,0.0
2021-05-13,16.8,8.1,12.7,11.8,6.5,23.6,46.1,152,15.55,34889.75,55371.56,3.16,0.6
2021-05-14,20.0,11.6,15.1,18.3,9.8,18.8,42.8,159,16.56,36157.02,55546.52,3.13,2.1
2021-05-15,21.0,10.4,15.6,20.3,9.4,15.3,42.8,217,20.99,47535.48,55719.15,3.63,4.6
2021-05-16,23.7,8.6,17.0,23.2,6.9,11.8,23.4,154,25.06,51917.67,55889.25,4.6,0.0
2021-05-17,19.5,13.9,16.2,18.8,13.6,16.5,35.6,326,11.87,12994.94,56056.63,2.13,16.5
2021-05-18,20.1,11.6,15.3,20.0,11.1,13.0,32.0,130,16.58,37284.53,56221.09,2.66,7.6
2021-05-19,17.1,11.7,13.7,16.1,9.1,23.7,43.9,275,9.82,12142.54,56382.41,1.57,14.1
2021-05-20,17.1,10.2,13.4,13.5,7.7,28.3,52.6,294,18.53,41813.92,56540.41,3.03,5.0
2021-05-21,18.9,9.6,14.0,16.3,7.5,14.2,31.3,323,24.09,51665.28,56694.84,3.9,0.1
2021-05-22,22.0,8.1,15.9,19.9,6.2,17.2,33.5,190,26.29,54771.93,56845.52,5.09,0.0
2021-05-23,20.4,12.9,16.5,17.9,11.2,17.7,37.4,255,24.63,42258.81,56992.21,4.57,1.0
2021-05-24,17.4,11.6,14.3,15.8,10.8,19.2,45.7,12,14.73,28494.3,57134.68,2.41,21.5
2021-05-25,20.6,8.6,15.7,19.7,7.1,15.9,32.8,144,22.66,49740.7,57272.72,4.07,0.0
2021-05-26,19.0,13.3,16.3,18.7,12.3,15.3,32.0,239,12.31,25198.12,57406.08,2.2,3.3
2021-05-27,21.5,12.4,17.0,22.4,12.0,15.3,32.8,162,15.8,36830.02,57534.53,2.71,6.7
2021-05-28,22.0,15.4,18.0,23.1,16.2,8.8,25.2,324,16.3,39852.39,57657.96,2.87,26.3
2021-05-29,18.9,14.1,16.2,17.5,12.9,24.3,48.6,326,15.24,28417.45,57777.33,2.6,0.6
2021-05-30,16.5,11.8,14.0,14.5,9.5,15.1,31.7,20,12.47,23255.62,57892.86,2.19,2.2
2021-05-31,15.4,10.2,12.5,12.2,7.9,18.5,37.4,47,19.03,47079.65,58004.37,3.05,0.1
2021-06-01,15.0,7.1,11.8,10.6,4.9,23.9,49.3,42,18.94,33080.95,58111.78,3.27,0.0
2021-06-02,18.0,10.8,13.7,14.6,6.6,26.6,52.6,27,11.75,9870.38,58214.93,3.16,0.0
2021-06-03,19.4,12.0,15.9,15.7,8.8,30.3,57.6,23,22.19,48446.43,58313.69,4.56,0.0
2021-06-04,21.5,13.1,17.1,19.1,11.6,17.1,35.6,360,24.3,52938.64,58407.94,4.73,0.0
2021-06-05,21.8,13.1,17.5,19.4,12.3,13.4,28.8,330,20.29,54866.96,58497.54,4.07,0.0
2021-06-06,21.5,12.7,16.8,19.9,11.8,13.7,35.6,302,13.37,20574.21,58582.35,2.95,0.6
2021-06-07,22.8,13.2,18.1,23.0,12.7,18.1,43.9,328,22.69,53770.18,58662.25,4.07,4.9
2021-06-08,23.0,14.2,18.4,22.5,14.0,16.0,40.3,329,21.88,53654.21,58737.12,3.77,2.3
2021-06-09,23.8,15.1,19.0,25.4,15.3,20.1,38.2,332,23.98,55979.11,58806.82,4.24,3.7
2021-06-10,20.8,14.4,17.8,20.8,14.0,17.2,33.5,334,19.54,49517.04,58871.22,3.33,2.4
2021-06-11,21.7,14.9,18.3,21.2,15.1,17.3,37.4,351,21.45,45175.19,58930.22,3.85,1.0
2021-06-12,23.7,13.3,19.1,25.7,13.3,11.6,30.6,293,24.87,56948.16,58983.66,4.47,0.2
2021-06-13,21.2,14.8,18.0,19.9,14.2,20.7,41.8,273,24.52,48882.11,59031.45,4.37,1.3
2021-06-14,24.8,14.8,19.1,26.2,12.9,17.6,37.4,33,21.04,49194.66,59073.46,4.04,2.6
2021-06-15,26.1,16.9,21.4,26.8,17.7,15.4,33.5,18,23.33,55984.64,59109.61,4.5,4.0
2021-06-16,25.7,18.0,22.1,25.2,18.6,19.9,41.4,9,26.52,57600.0,59139.74,5.62,0.0
2021-06-17,27.2,17.2,22.5,25.8,17.0,22.2,43.6,39,25.27,57600.0,59163.79,5.81,0.0
2021-06-18,27.2,16.7,22.5,27.0,15.6,21.9,43.6,57,26.1,57600.0,59181.91,5.99,1.7
2021-06-19,28.5,18.0,23.3,28.0,17.8,21.0,49.0,94,24.28,56065.94,59194.16,5.58,0.9
2021-06-20,29.9,19.8,24.7,28.6,20.5,24.5,47.5,81,27.15,50235.91,59200.59,6.93,0.0
2021-06-21,30.0,19.4,24.9,31.7,19.0,16.1,34.9,109,26.15,55723.14,59201.22,6.15,0.0
2021-06-22,31.8,20.2,26.3,31.2,22.5,21.5,43.2,104,26.54,57600.0,59196.1,6.66,0.0
2021-06-23,33.7,20.1,27.3,35.3,21.0,17.0,48.2,70,25.89,50400.0,59185.28,6.64,0.6
2021-06-24,34.6,21.7,27.9,36.1,23.0,19.1,42.1,80,22.91,47761.45,59168.8,6.16,0.6
2021-06-25,33.9,21.1,27.7,36.7,22.9,11.6,37.1,138,24.37,55041.36,59146.73,5.75,0.2
2021-06-26,33.3,21.6,26.4,35.5,23.2,14.4,37.8,11,24.06,48774.7,59119.13,5.32,6.4
2021-06-27,26.3,19.9,23.2,27.8,20.6,17.3,33.8,313,17.28,45177.11,59086.05,3.75,4.2
2021-06-28,25.9,18.2,21.7,25.1,18.0,24.8,48.6,297,21.66,55736.48,59047.56,4.83,1.0
2021-06-29,25.3,17.8,21.4,25.0,18.1,15.7,38.2,287,21.69,54514.2,59003.72,4.45,1.4
2021-06-30,28.4,15.5,22.8,28.3,16.4,12.2,26.3,225,25.32,57600.0,58954.63,5.23,0.0
2021-07-01,30.2,18.8,24.9,32.2,20.8,12.3,30.2,166,24.05,55811.7,58900.34,5.32,0.7
2021-07-02,27.2,19.9,23.7,29.3,21.5,12.6,31.7,240,24.75,56071.33,58840.93,5.02,0.5
2021-07-03,26.0,18.7,22.2,28.3,20.6,11.0,26.6,235,17.72,46118.17,58776.48,3.58,2.9
2021-07-04,27.0,17.6,22.5,29.0,19.1,12.1,25.2,356,20.41,53963.37,58707.1,4.03,2.4
2021-07-05,28.4,19.8,24.0,28.5,21.8,22.5,44.3,45,23.05,53965.12,58632.84,5.18,0.6
2021-07-06,27.7,19.9,23.2,29.5,20.6,15.8,36.4,41,20.04,36832.41,58553.8,4.31,5.7
2021-07-07,28.2,19.4,23.8,28.1,21.0,18.1,37.8,67,27.49,56154.64,58469.98,5.84,0.0
2021-07-08,29.9,18.0,24.9,30.6,18.8,10.2,24.8,86,25.6,57417.32,58380.61,5.77,0.0
2021-07-09,29.6,18.6,24.7,30.4,18.9,10.3,26.6,132,28.29,57363.44,58285.64,6.19,0.0
2021-07-10,31.4,17.4,25.6,31.9,18.2,10.8,22.3,85,26.9,57307.1,58185.28,5.84,0.0
2021-07-11,30.7,19.0,26.1,30.8,20.6,12.0,26.6,44,23.43,57248.43,58079.75,5.51,0.1
2021-07-12,27.9,20.8,24.6,30.6,22.2,13.3,29.9,49,16.43,36366.63,57969.23,3.65,6.3
2021-07-13,29.8,19.6,25.1,33.2,22.5,8.2,29.2,113,24.86,54947.02,57853.94,5.1,0.1
2021-07-14,31.5,20.1,26.6,34.3,22.5,9.0,22.7,169,25.24,55613.48,57734.08,5.56,0.0
2021-07-15,33.2,21.3,27.8,34.6,23.4,11.7,29.9,222,26.08,56167.52,57609.85,6.21,0.0
2021-07-16,32.8,22.8,28.0,35.3,23.6,12.2,28.1,323,24.57,55692.37,57481.46,6.01,0.0
2021-07-17,31.2,20.6,26.6,34.1,23.3,12.9,28.8,16,23.23,54052.29,57349.1,5.2,0.5
2021-07-18,31.9,22.6,27.4,34.8,26.3,11.7,31.7,19,23.39,53679.55,57212.98,5.24,0.0
2021-07-19,29.6,21.2,24.8,34.0,24.9,18.4,37.8,12,18.98,39215.56,57073.27,3.84,6.6
2021-07-20,27.7,20.0,23.5,29.2,22.4,15.2,27.0,345,17.1,34826.48,56930.17,3.7,0.8
2021-07-21,24.0,19.2,21.7,24.0,19.3,27.0,51.1,355,14.85,25849.93,56783.88,3.58,7.0
2021-07-22,23.1,16.5,20.0,20.9,15.8,23.4,46.1,349,23.63,48622.51,56634.55,4.92,0.0
2021-07-23,25.5,14.6,20.0,24.7,13.4,14.7,31.3,319,24.52,47498.43,56482.39,4.95,0.0
2021-07-24,26.0,16.9,21.4,25.7,16.7,9.8,21.2,290,19.25,51300.86,56327.57,4.06,0.1
2021-07-25,27.0,17.0,22.2,26.9,17.6,8.7,21.2,182,21.78,51596.37,56170.27,4.5,0.1
2021-07-26,27.8,17.4,23.2,28.1,18.4,12.8,27.0,146,20.28,51254.62,56010.64,4.47,0.0
2021-07-27,30.5,18.8,24.9,30.6,20.4,17.3,39.6,164,23.41,44993.16,55848.71,5.55,0.0
2021-07-28,30.0,20.5,24.9,32.1,21.4,12.8,31.7,237,21.64,50040.57,55683.16,4.71,6.7
2021-07-29,31.4,19.8,25.8,33.4,21.9,15.5,31.7,257,22.3,47682.06,55513.81,5.19,0.0
2021-07-30,29.0,20.1,24.6,28.6,21.2,15.4,32.8,299,22.27,50846.82,55340.91,5.21,0.0
2021-07-31,30.8,18.2,25.0,30.8,18.8,10.2,25.2,235,22.98,50483.71,55164.7,5.13,0.0
2021-08-01,29.2,20.7,24.6,31.9,21.9,12.9,37.4,181,20.6,50005.4,54985.38,4.37,1.6
2021-08-02,30.0,20.9,24.6,30.8,20.1,24.8,53.6,236,18.84,40306.02,54803.19,4.81,3.3
2021-08-03,25.0,16.0,20.6,25.1,15.6,14.9,31.7,291,21.7,50400.0,54618.33,4.47,0.7
2021-08-04,26.2,14.9,21.1,26.1,15.0,9.3,24.8,180,20.93,44446.37,54431.03,4.24,0.1
2021-08-05,27.2,18.2,22.5,28.5,18.9,13.5,29.5,159,18.03,47235.07,54241.48,3.85,1.9
2021-08-06,25.5,18.5,21.8,25.7,20.5,20.9,50.8,165,12.56,19889.7,54049.88,2.72,12.1
2021-08-07,23.0,16.4,19.2,21.0,16.0,17.5,38.2,272,19.29,39654.62,53856.42,3.8,0.0
2021-08-08,26.4,13.6,20.5,26.7,13.5,10.5,25.6,341,24.83,50400.0,53661.3,4.7,0.0
2021-08-09,28.9,14.8,23.0,29.5,14.8,15.5,27.4,343,24.2,50400.0,53464.7,5.07,0.0
2021-08-10,27.0,18.8,22.9,27.0,19.4,20.8,40.3,338,19.88,50400.0,53266.79,4.33,0.2
2021-08-11,28.7,17.5,23.3,27.7,17.0,18.6,38.2,324,24.09,50400.0,53067.75,5.88,0.0
2021-08-12,25.6,16.7,21.0,22.6,15.7,23.7,45.7,306,22.37,50320.75,52867.75,5.3,0.0
2021-08-13,25.5,14.4,20.3,23.6,13.6,16.2,34.2,319,19.05,48102.12,52666.96,4.26,0.0
2021-08-14,27.0,14.4,21.5,27.7,14.4,9.4,18.0,310,23.04,50400.0,52465.52,4.39,0.0
2021-08-15,29.4,15.6,23.0,29.9,15.2,8.9,24.1,216,22.55,50400.0,52263.61,4.87,0.0
2021-08-16,30.8,18.4,25.1,31.2,19.5,13.3,29.9,187,20.55,48123.74,52061.2,5.15,0.0
2021-08-17,32.5,20.7,26.6,31.6,21.0,22.3,44.6,177,22.06,50400.0,51856.86,6.41,0.0
2021-08-18,22.5,17.4,19.2,23.8,17.2,16.2,37.4,329,11.74,22864.86,51650.31,2.11,8.5
2021-08-19,22.5,14.9,18.4,21.0,14.2,15.2,30.2,328,16.5,36794.55,51441.76,3.42,2.1
2021-08-20,24.7,14.4,19.7,22.7,13.3,19.5,39.6,338,20.87,49102.18,51231.38,4.47,0.0
2021-08-21,25.9,15.1,20.4,24.6,14.5,15.0,32.0,320,20.57,50099.25,51019.34,4.48,0.0
2021-08-22,23.6,15.0,19.3,22.4,15.2,12.7,24.1,321,17.96,49736.95,50805.83,3.45,0.0
2021-08-23,24.2,13.3,19.5,24.1,13.3,6.9,18.7,347,17.96,40386.05,50591.0,3.42,0.0
2021-08-24,26.9,14.8,20.2,25.0,14.7,16.3,34.9,140,13.28,27285.62,50375.02,3.24,0.9
2021-08-25,21.5,15.4,18.4,22.4,14.7,13.5,33.5,208,10.75,28589.09,50158.04,2.06,12.7
2021-08-26,17.8,12.4,15.0,18.2,12.3,8.3,30.2,231,6.81,3682.34,49940.21,1.25,6.0
2021-08-27,21.5,13.2,16.7,21.6,12.6,13.0,27.0,292,13.4,35990.6,49721.7,2.34,0.1
2021-08-28,21.6,13.4,17.1,20.8,12.8,18.9,37.1,227,18.08,37580.0,49502.64,3.25,3.5
2021-08-29,24.6,12.6,18.2,25.4,11.8,15.6,31.3,55,11.48,25411.74,49283.18,2.37,1.8
2021-08-30,26.5,17.9,21.1,27.7,18.9,15.9,46.8,97,14.0,38386.48,49063.45,2.85,10.9
2021-08-31,21.8,13.9,18.3,20.8,13.4,18.7,36.4,284,19.42,44381.84,48843.6,3.32,1.4
2021-09-01,21.9,11.8,16.2,21.2,11.1,11.5,25.9,258,13.6,36296.93,48623.75,2.36,1.3
2021-09-02,14.7,11.8,13.7,13.7,7.9,31.7,59.0,324,12.67,36171.1,48404.05,2.72,0.4
2021-09-03,17.6,8.1,13.3,14.0,4.9,26.2,49.7,281,15.33,42052.89,48184.62,3.19,0.0
2021-09-04,15.7,9.6,13.4,12.1,7.6,19.2,35.6,325,14.11,41729.46,47965.59,2.59,0.2
2021-09-05,14.7,6.3,10.7,12.2,4.0,18.0,36.4,320,16.92,44301.13,47746.93,2.49,1.1
2021-09-06,14.8,5.7,10.7,12.1,3.5,9.2,22.3,315,10.96,24102.14,47527.18,1.89,0.0
2021-09-07,18.5,6.2,12.4,16.2,3.7,10.7,24.1,216,17.13,40317.26,47306.07,2.93,0.0
2021-09-08,21.6,9.9,14.6,19.5,6.5,13.8,29.5,227,17.4,43339.75,47083.76,3.37,0.0
2021-09-09,23.4,10.4,16.1,22.4,8.8,11.3,24.8,259,18.89,43383.72,46860.36,3.36,0.0
2021-09-10,23.9,10.2,17.3,24.3,9.0,7.6,13.0,280,18.77,43427.86,46636.04,3.16,0.0
2021-09-11,24.0,10.4,17.7,23.3,9.6,11.2,16.9,356,17.94,43200.0,46410.91,3.23,0.0
2021-09-12,24.5,11.6,18.0,24.6,10.2,10.7,22.0,351,17.72,43200.0,46185.13,3.19,0.0
2021-09-13,25.0,11.1,18.0,24.1,10.1,13.7,26.6,288,16.74,43200.13,45958.82,3.25,0.1
2021-09-14,21.5,14.0,17.2,19.6,13.5,16.3,33.5,317,15.22,43200.0,45732.11,2.75,0.0
2021-09-15,19.3,9.9,14.5,17.3,8.2,8.9,22.7,355,18.04,43200.0,45505.14,2.91,0.0
2021-09-16,20.6,10.6,15.6,19.5,9.1,11.2,19.4,77,15.31,43200.0,45278.03,2.67,0.0
2021-09-17,22.5,12.4,16.6,21.0,10.5,21.9,41.4,161,8.45,14891.1,45050.91,2.26,1.4
2021-09-18,20.3,13.3,16.7,19.3,13.2,21.2,43.2,196,7.78,15511.45,44823.89,1.5,4.7
2021-09-19,15.9,9.4,12.2,14.3,6.6,19.2,42.8,229,6.42,15373.35,44597.12,1.07,4.6
2021-09-20,12.1,8.6,10.0,9.2,4.6,24.8,45.0,282,4.41,2113.45,44370.72,0.9,2.4
2021-09-21,8.7,6.2,7.5,6.2,2.0,24.1,45.0,292,4.49,6370.39,44144.8,0.94,1.5
2021-09-22,8.6,6.3,7.2,4.9,2.6,18.2,33.5,306,3.86,0.0,43919.5,0.84,0.6
2021-09-23,8.8,6.0,7.4,5.9,3.4,13.9,28.1,287,4.41,1525.96,43694.94,0.77,0.9
2021-09-24,13.9,6.8,10.1,11.1,3.9,28.4,62.3,239,7.07,23099.17,43471.24,1.23,13.5
2021-09-25,15.9,9.2,12.5,13.0,5.8,22.8,41.4,281,6.34,3464.97,43248.38,1.59,1.0
2021-09-26,16.9,11.5,13.9,13.5,8.5,20.9,40.0,313,10.69,39367.58,43024.82,1.96,0.5
2021-09-27,12.6,7.4,10.2,9.4,5.1,15.7,30.2,357,9.14,30335.93,42800.28,1.45,0.0
2021-09-28,13.6,5.8,9.6,10.3,3.6,14.0,29.2,38,11.35,37241.88,42574.89,1.59,0.3
2021-09-29,11.5,6.2,8.8,8.3,3.7,14.1,30.2,77,8.1,22279.55,42348.8,1.31,0.0
2021-09-30,12.0,4.0,8.1,9.5,1.5,10.9,22.7,102,11.2,36925.07,42122.14,1.54,0.0
2021-10-01,14.9,2.2,8.0,12.0,-1.1,11.5,25.9,131,14.46,39906.84,41895.05,1.99,0.0
2021-10-02,15.1,3.2,8.5,11.8,0.1,14.3,30.2,137,14.13,39517.03,41667.66,2.01,0.0
2021-10-03,15.2,3.4,8.6,11.7,0.4,12.3,26.6,131,14.08,39490.14,41440.13,2.05,0.0
2021-10-04,15.1,4.5,9.3,11.5,1.9,16.3,33.1,123,13.05,39099.07,41212.59,2.01,0.0
2021-10-05,14.6,5.2,9.5,10.7,2.4,17.2,35.6,120,12.53,39003.74,40985.18,1.97,0.0
2021-10-06,13.2,6.0,9.4,8.6,1.3,22.3,43.9,118,12.72,38908.13,40758.05,2.32,0.0
2021-10-07,11.2,2.1,6.3,6.2,-2.1,18.0,36.7,97,13.47,38812.26,40531.33,2.2,0.0
2021-10-08,11.6,1.7,6.2,6.2,-1.8,18.7,37.8,67,13.08,38716.14,40305.18,2.05,0.0
2021-10-09,11.4,1.5,5.8,6.6,-2.3,15.8,33.5,59,13.0,38619.79,40079.74,2.0,0.0
2021-10-10,13.4,-0.1,5.8,9.4,-3.6,11.9,24.5,58,12.53,38523.23,39855.17,1.79,0.0
2021-10-11,14.3,1.5,6.8,11.1,-1.9,11.5,21.6,118,12.22,34826.48,39631.61,1.69,0.0
2021-10-12,14.1,3.3,8.1,11.4,-0.2,11.2,19.8,168,6.93,15856.31,39409.21,1.15,0.1
2021-10-13,10.3,4.4,7.6,6.5,1.7,17.0,31.7,341,5.9,12120.39,39188.16,0.89,4.9
2021-10-14,10.9,4.3,7.1,6.7,0.2,17.9,36.0,292,9.33,36799.68,38968.59,1.29,0.3
2021-10-15,13.5,2.5,7.1,9.1,-1.0,17.6,34.2,221,11.45,36852.43,38750.5,1.75,0.0
2021-10-16,14.1,3.6,8.8,11.4,0.4,14.5,29.5,228,10.12,29465.6,38532.21,1.59,0.0
2021-10-17,11.3,5.3,8.5,7.7,2.6,14.0,28.8,300,6.23,13000.48,38313.38,1.23,0.1
2021-10-18,11.0,5.7,7.7,6.9,2.0,19.1,35.6,277,4.25,3146.77,38094.18,1.15,0.2
2021-10-19,10.4,2.0,5.7,5.5,-1.4,18.1,35.6,300,10.98,35878.49,37874.79,1.43,0.0
2021-10-20,14.4,-0.6,7.7,10.5,-4.0,22.8,40.3,202,7.48,24483.96,37655.36,1.8,0.0
2021-10-21,16.8,9.8,13.1,13.1,5.4,22.4,39.2,211,8.87,30838.65,37436.06,2.74,0.0
2021-10-22,16.1,9.1,13.6,11.1,6.3,28.4,52.2,260,9.6,35205.39,37217.08,2.85,0.0
2021-10-23,11.8,5.1,8.7,7.1,0.8,28.1,53.6,265,9.66,35086.52,36998.59,2.21,0.3
2021-10-24,8.4,4.2,5.9,2.8,-0.1,24.1,45.0,306,5.7,15033.24,36780.79,1.34,0.3
2021-10-25,7.7,-0.4,3.5,4.7,-3.7,10.1,26.6,292,9.61,34851.75,36563.84,1.14,0.0
2021-10-26,10.3,0.1,4.4,5.5,-4.2,17.7,34.9,186,9.6,34736.11,36347.94,1.53,0.0
2021-10-27,10.4,3.0,6.3,7.2,-1.1,16.2,31.7,241,6.69,25263.93,36133.29,0.98,0.1
2021-10-28,13.9,4.3,9.0,11.0,1.0,17.8,31.0,269,2.84,6717.8,35920.1,0.76,0.4
2021-10-29,14.9,6.0,9.9,14.1,4.0,11.1,19.1,174,4.6,9952.37,35708.56,0.72,0.0
2021-10-30,11.9,6.5,8.1,8.7,3.9,17.1,32.0,155,5.85,13642.77,35498.89,0.78,0.0
2021-10-31,12.2,3.0,6.8,9.0,-0.0,13.2,27.4,153,8.65,33095.9,35291.3,1.09,0.0
2021-11-01,11.1,2.2,6.0,8.4,-0.9,13.8,27.4,133,8.26,32755.84,35086.02,0.93,0.0
2021-11-02,8.0,5.9,6.9,6.2,3.4,12.2,22.3,104,1.61,0.0,34883.27,0.27,3.2
2021-11-03,12.2,4.6,8.6,10.6,1.8,15.9,28.1,185,3.22,10865.11,34683.29,0.49,1.2
2021-11-04,12.8,2.8,7.9,9.2,-0.5,22.9,43.9,145,6.84,21600.0,34486.12,0.78,0.0
2021-11-05,17.2,11.0,13.3,16.0,7.9,19.5,34.9,185,4.4,8411.62,34289.96,0.8,0.0
2021-11-06,11.6,5.5,8.6,9.4,1.3,22.3,41.4,282,6.85,27690.91,34094.44,1.2,3.9
2021-11-07,10.4,3.2,6.7,6.7,-0.7,16.3,30.6,231,7.0,28506.96,33899.79,1.15,0.1
2021-11-08,10.3,5.1,7.6,5.3,1.2,24.9,46.8,261,5.62,21600.0,33706.2,1.17,0.0
2021-11-09,7.6,0.4,3.8,3.7,-4.4,22.9,41.0,329,4.15,14727.04,33513.88,0.92,0.0
2021-11-10,4.1,-4.1,-0.5,0.2,-7.6,12.6,21.6,230,5.59,28198.74,33323.07,0.65,0.0
2021-11-11,7.2,-0.9,2.3,2.2,-5.9,19.6,39.2,207,6.63,27788.51,33133.99,1.22,0.0
2021-11-12,7.9,0.9,4.1,4.5,-3.4,15.5,34.9,271,3.37,10226.63,32946.86,0.55,0.0
2021-11-13,5.3,-1.1,2.2,3.2,-4.3,12.3,22.0,165,3.37,5142.0,32761.92,0.35,0.0
2021-11-14,5.9,1.0,3.5,2.9,-2.5,11.8,22.3,138,2.55,14.62,32579.42,0.34,0.0
2021-11-15,4.6,0.6,3.1,2.1,-3.8,15.6,30.2,45,2.23,0.0,32399.6,0.39,0.0
2021-11-16,2.2,-3.4,-0.4,-1.8,-7.1,12.6,25.9,168,5.4,23813.19,32222.72,0.64,0.0
2021-11-17,2.4,-4.9,-2.4,-1.7,-8.8,9.9,21.2,177,6.45,31086.75,32049.05,0.56,0.0
2021-11-18,2.5,-4.6,-0.9,-1.5,-8.7,13.4,22.7,221,3.69,16333.57,31878.83,0.43,0.8
2021-11-19,6.4,0.5,3.5,3.1,-3.6,19.1,33.8,250,0.71,0.0,31712.35,0.17,5.6
2021-11-20,11.1,4.9,8.7,5.9,0.4,36.2,72.4,289,3.83,18784.18,31549.89,1.22,3.1
2021-11-21,10.2,4.1,8.2,5.8,-0.2,28.5,50.0,258,1.96,185.05,31391.74,1.0,0.1
2021-11-22,8.7,1.9,5.7,4.7,-2.1,18.0,34.6,335,2.74,3180.64,31238.18,0.68,0.1
2021-11-23,2.5,-2.6,0.5,-1.2,-5.9,12.9,24.5,342,4.69,22062.33,31089.5,0.49,2.6
2021-11-24,3.5,-0.9,1.4,-0.5,-4.3,16.2,29.5,254,2.04,3189.53,30945.83,0.39,0.0
2021-11-25,5.4,0.9,2.7,1.1,-4.2,18.8,34.9,205,3.44,15835.22,30805.62,0.65,0.0
2021-11-26,6.7,0.6,3.5,2.6,-4.2,23.2,40.7,180,4.36,27840.05,30668.57,0.63,0.0
2021-11-27,10.6,4.8,7.6,7.8,-0.3,27.6,49.3,177,3.65,14400.0,30534.88,0.65,4.8
2021-11-28,7.2,0.2,4.0,4.5,-2.2,16.6,28.8,152,2.84,8831.86,30404.74,0.3,0.0
2021-11-29,10.1,4.0,8.1,8.6,-1.7,28.3,52.2,181,0.81,0.0,30278.33,0.18,5.4
2021-11-30,3.2,-1.8,1.7,-2.3,-6.3,35.1,64.1,264,2.38,10800.0,30155.87,0.8,0.0
2021-12-01,3.0,-3.7,-0.5,-2.3,-8.2,21.8,40.0,264,2.58,10480.77,30037.53,0.54,1.3
2021-12-02,5.8,-3.5,1.3,0.9,-8.2,22.0,38.5,200,2.15,4820.44,29923.54,0.58,0.0
2021-12-03,4.2,-0.7,1.2,0.1,-5.5,19.7,35.3,256,1.29,0.0,29814.08,0.2,2.2
2021-12-04,1.5,-3.2,-1.9,-2.2,-7.3,16.0,29.5,236,4.55,27144.61,29709.37,0.35,0.0
2021-12-05,0.2,-3.8,-2.3,-4.0,-7.9,14.6,25.9,151,3.21,11165.75,29609.6,0.25,0.6
2021-12-06,0.7,-2.0,-0.5,-2.5,-6.4,13.8,23.8,124,0.85,0.0,29515.0,0.14,5.7
2021-12-07,1.6,-0.9,0.5,-1.0,-6.0,20.2,35.6,352,0.98,0.0,29425.74,0.12,4.1
2021-12-08,0.0,-1.2,-0.8,-4.2,-6.6,21.4,38.2,15,0.94,0.0,29342.06,0.12,3.7
2021-12-09,1.5,-0.1,0.6,-1.6,-4.2,14.0,24.1,33,0.93,0.0,29264.15,0.13,1.5
2021-12-10,6.2,1.5,3.8,1.3,-1.5,25.8,45.4,128,1.11,0.0,29192.21,0.17,0.4
2021-12-11,7.1,5.2,6.2,3.9,0.5,25.6,45.0,129,0.63,0.0,29126.46,0.19,8.0
2021-12-12,6.9,2.4,4.8,4.1,-1.8,19.4,36.0,134,2.09,5733.38,29067.08,0.24,0.2
2021-12-13,2.3,0.8,1.2,-0.9,-3.0,13.7,25.9,90,0.88,0.0,29014.28,0.17,4.6
2021-12-14,0.9,0.3,0.6,-2.2,-3.3,12.0,22.3,0,0.64,0.0,28968.18,0.16,3.0
2021-12-15,0.5,-1.4,-0.1,-3.2,-4.9,15.0,27.4,339,1.91,1460.45,28928.22,0.26,0.3
2021-12-16,3.7,-1.9,1.1,0.2,-5.4,17.2,29.9,269,0.75,0.0,28894.26,0.15,2.6
2021-12-17,3.7,0.7,2.4,0.1,-3.8,20.2,37.8,321,1.13,3600.0,28866.29,0.17,2.3
2021-12-18,0.9,-0.6,0.2,-3.7,-5.1,20.5,35.6,333,1.32,0.0,28844.32,0.24,1.8
2021-12-19,3.2,-0.1,1.7,-1.7,-4.5,27.8,49.3,269,0.55,0.0,28828.35,0.16,5.7
2021-12-20,0.8,-3.2,-0.9,-3.9,-7.5,18.4,35.6,309,2.33,5741.02,28818.38,0.25,4.0
2021-12-21,-3.5,-12.1,-8.0,-8.6,-17.1,25.2,45.4,326,3.28,15715.04,28814.4,0.52,0.8
2021-12-22,-9.3,-16.2,-12.0,-15.2,-21.6,17.8,33.1,297,4.31,25012.71,28816.39,0.26,0.0
2021-12-23,-8.4,-16.0,-11.7,-14.0,-21.2,16.7,29.5,268,4.18,21385.78,28824.35,0.26,0.0
2021-12-24,-1.9,-10.2,-6.9,-7.2,-16.1,23.1,42.8,173,3.12,9495.61,28838.24,0.32,0.5
2021-12-25,3.2,-5.4,-1.2,-2.0,-10.4,24.9,43.2,274,4.0,19905.56,28858.06,0.42,0.4
2021-12-26,-2.8,-8.3,-6.1,-8.5,-13.7,17.1,32.4,263,4.66,28099.43,28883.76,0.4,0.0
2021-12-27,-3.8,-5.8,-5.0,-7.5,-10.6,13.4,23.4,195,2.38,4636.8,28915.31,0.25,0.0
2021-12-28,-4.9,-8.1,-6.3,-10.4,-14.4,20.9,38.5,70,2.09,0.0,28952.68,0.42,0.9
2021-12-29,-5.3,-8.1,-6.5,-8.7,-13.4,16.5,29.5,29,1.12,0.0,28995.83,0.26,0.4
2021-12-30,-2.8,-7.4,-4.5,-7.3,-11.2,12.8,22.0,196,1.93,7767.14,29044.71,0.27,0.4
2021-12-31,2.5,-3.5,0.2,-1.5,-8.2,14.6,24.5,229,1.16,0.0,29099.28,0.17,2.6
2022-01-01,5.4,2.0,4.1,1.8,-2.0,25.9,45.7,290,1.12,0.0,29159.48,0.15,4.1
2022-01-02,2.5,-4.2,-1.4,-3.4,-9.4,28.8,51.1,316,4.36,22212.17,29225.26,0.5,0.9
2022-01-03,6.5,-0.2,4.4,1.5,-6.2,28.8,50.0,258,1.26,0.0,29296.65,0.4,5.4
2022-01-04,6.0,2.2,4.4,3.0,-1.8,20.0,36.4,265,2.07,4332.48,29374.45,0.26,0.4
2022-01-05,8.6,2.7,5.7,6.6,-1.5,26.5,46.8,230,2.14,2320.77,29458.66,0.39,4.3
2022-01-06,3.3,0.8,1.9,1.0,-4.1,18.2,31.7,271,1.42,176.73,29549.06,0.25,0.6
2022-01-07,0.9,-4.3,-1.5,-4.6,-9.1,22.1,40.7,277,4.89,26350.04,29645.42,0.59,0.7
2022-01-08,0.4,-5.9,-2.8,-5.4,-10.4,19.1,35.6,180,4.64,25006.67,29747.5,0.69,0.0
2022-01-09,0.1,-3.1,-1.5,-3.8,-8.2,17.1,31.0,143,1.26,0.0,29855.06,0.41,6.7
2022-01-10,-0.3,-5.8,-2.8,-3.5,-11.1,17.4,32.8,322,2.2,0.0,29967.88,0.2,0.8
2022-01-11,-3.5,-9.4,-5.9,-8.9,-15.4,19.8,35.6,355,3.36,5593.3,30085.72,0.28,0.8
2022-01-12,-10.1,-13.6,-11.5,-15.7,-19.8,18.9,33.1,334,3.79,2066.14,30208.34,0.24,0.6
2022-01-13,0.6,-14.9,-8.0,-4.7,-20.8,23.3,39.2,268,2.16,527.25,30335.53,0.18,1.1
2022-01-14,3.7,-0.6,2.1,-3.0,-7.8,36.0,70.2,287,1.25,0.0,30467.04,0.33,2.5
2022-01-15,2.0,-1.4,0.2,-4.8,-8.2,34.5,62.6,309,3.36,15155.9,30602.66,0.86,0.8
2022-01-16,0.6,-2.6,-1.1,-4.5,-7.3,23.7,44.3,293,1.82,0.0,30742.18,0.49,0.0
2022-01-17,2.1,-2.8,0.0,-3.7,-8.1,29.0,52.2,249,1.5,0.0,30885.36,0.61,3.0
2022-01-18,-0.8,-4.2,-2.6,-6.7,-11.8,35.2,67.3,327,2.74,3406.97,31032.0,0.92,1.1
2022-01-19,0.3,-6.6,-3.2,-4.6,-12.1,23.2,42.5,304,4.26,17537.83,31181.89,0.6,0.0
2022-01-20,2.2,-2.3,-0.4,-3.4,-7.3,19.7,37.8,221,5.18,24674.23,31334.81,0.67,0.6
2022-01-21,-0.8,-3.8,-1.8,-5.9,-10.3,38.5,67.3,257,2.33,2475.37,31490.57,0.77,0.9
2022-01-22,-0.6,-4.9,-2.6,-5.4,-10.1,22.5,41.4,282,4.03,17015.46,31648.97,0.56,1.5
2022-01-23,-2.5,-5.0,-4.0,-7.5,-10.5,18.1,35.3,18,3.16,7462.47,31809.99,0.38,2.3
2022-01-24,-5.2,-7.3,-6.3,-10.8,-13.0,21.3,38.2,2,2.79,115.31,31975.31,0.26,0.0
2022-01-25,-4.7,-7.7,-6.6,-8.8,-13.0,16.2,29.5,304,4.03,4429.39,32145.14,0.33,0.7
2022-01-26,-1.5,-4.7,-3.0,-6.1,-8.6,18.4,32.8,338,2.37,0.0,32319.2,0.24,2.0
2022-01-27,0.4,-8.0,-2.5,-3.6,-12.5,14.7,25.9,221,1.95,0.0,32497.17,0.25,1.5
2022-01-28,3.1,-0.2,1.1,-1.6,-5.1,19.5,35.6,235,3.72,10866.8,32678.8,0.42,2.5
2022-01-29,1.0,-1.9,-0.0,-4.0,-6.8,23.8,43.6,293,2.18,0.0,32863.8,0.31,1.8
2022-01-30,3.8,-4.1,-0.3,-1.1,-9.7,29.5,52.2,225,4.37,16873.17,33051.89,0.59,5.3
2022-01-31,0.8,-1.6,-0.4,-4.5,-7.3,29.8,55.1,269,3.12,0.0,33242.83,0.4,3.3
2022-02-01,-0.6,-5.7,-3.4,-6.2,-11.0,19.5,37.1,257,6.48,26082.67,33436.34,0.51,0.0
2022-02-02,2.7,-5.9,-1.9,-2.9,-11.1,26.4,46.4,189,5.84,20614.35,33632.17,0.75,0.0
2022-02-03,1.5,-5.2,-0.9,-2.2,-11.1,25.4,47.2,290,2.02,0.0,33830.09,0.37,1.2
2022-02-04,-1.6,-8.3,-5.1,-5.9,-12.1,18.9,36.4,328,6.65,24959.05,34029.85,0.55,0.0
2022-02-05,1.3,-8.3,-2.9,-3.5,-12.5,20.9,36.4,182,1.67,0.0,34231.23,0.35,1.0
2022-02-06,3.9,-2.2,0.6,-1.4,-7.1,22.1,43.9,255,5.76,21223.37,34433.99,0.71,0.2
2022-02-07,4.4,-1.0,1.3,0.8,-5.3,20.1,34.6,210,3.1,10530.63,34637.92,0.61,0.8
2022-02-08,2.0,0.2,0.7,-2.8,-5.2,21.9,39.6,325,3.69,5541.2,34842.8,0.41,2.2
2022-02-09,5.3,-0.9,1.8,0.4,-5.2,27.1,51.5,292,5.46,21778.61,35048.42,0.62,1.2
2022-02-10,7.6,-0.9,4.0,3.4,-4.9,23.9,42.8,266,4.64,17301.59,35254.58,0.57,1.4
2022-02-11,6.8,1.5,3.7,2.4,-2.6,22.7,41.4,259,5.15,16087.2,35461.08,0.62,0.8
2022-02-12,2.7,-3.2,0.6,-1.2,-7.6,22.0,42.5,322,5.47,15762.04,35667.93,0.48,7.6
2022-02-13,3.8,-4.3,-1.1,-1.3,-8.7,17.9,34.2,232,9.51,34853.14,35876.97,0.94,0.0
2022-02-14,4.7,-3.0,-0.1,-0.3,-7.9,18.7,36.0,201,9.86,34961.51,36088.55,1.11,0.0
2022-02-15,5.2,-3.5,-0.2,0.4,-7.9,15.8,32.0,165,9.91,35071.94,36302.42,1.09,0.0
2022-02-16,6.0,-3.0,1.1,2.1,-7.0,13.7,25.6,180,7.24,25200.0,36518.38,0.76,0.0
2022-02-17,7.2,0.5,4.1,2.3,-3.7,29.4,51.1,203,4.92,15951.94,36736.21,0.74,2.4
2022-02-18,6.6,0.4,3.8,1.5,-3.9,23.9,42.8,278,6.82,22819.99,36955.7,0.9,0.8
2022-02-19,8.2,-0.8,3.9,2.3,-5.5,31.3,55.1,227,3.7,7200.0,37176.64,1.46,0.7
2022-02-20,7.3,1.0,3.8,1.7,-3.9,25.1,43.9,253,9.66,31262.73,37398.84,1.85,0.0
2022-02-21,10.0,0.6,5.0,4.2,-4.1,25.8,47.2,217,6.77,18657.0,37622.11,1.6,0.0
2022-02-22,9.9,3.0,6.0,4.4,-0.4,22.7,42.1,254,10.96,34587.91,37846.26,1.67,0.3
2022-02-23,5.2,0.8,3.1,1.1,-3.0,16.3,28.8,269,9.31,29070.24,38071.09,1.11,0.9
2022-02-24,5.3,0.9,3.0,2.3,-2.1,9.0,19.8,287,4.85,5310.74,38296.43,0.61,0.9
2022-02-25,6.8,-0.5,2.7,3.4,-3.8,14.6,29.2,182,9.01,27795.29,38522.11,1.06,0.1
2022-02-26,6.3,0.5,3.0,0.9,-3.7,22.3,41.4,345,11.25,36251.95,38747.95,1.22,0.2
2022-02-27,4.1,-1.4,1.3,-0.3,-5.0,14.8,30.2,351,8.35,32124.24,38973.77,0.89,0.2
2022-02-28,3.7,-3.7,0.0,-2.0,-8.4,21.8,40.7,20,12.39,36887.74,39199.41,1.26,0.0
2022-03-01,2.0,-1.1,0.3,-2.6,-6.1,19.9,36.4,26,3.03,0.0,39424.7,0.62,1.3
2022-03-02,3.3,0.4,1.3,-1.0,-3.8,16.0,29.5,38,3.12,0.0,39649.47,0.41,3.4
2022-03-03,2.2,0.4,1.0,-1.6,-3.1,13.7,26.6,1,2.89,0.0,39873.57,0.31,0.4
2022-03-04,2.8,-0.8,0.9,-2.6,-6.2,23.9,43.2,338,5.72,2603.02,40097.01,0.76,0.5
2022-03-05,1.3,-2.0,-0.3,-4.1,-7.3,21.9,38.9,358,3.51,0.0,40321.51,0.77,0.2
2022-03-06,0.9,-3.8,-1.1,-3.2,-7.4,10.5,21.6,312,6.96,13895.27,40547.4,0.84,0.0
2022-03-07,1.1,-3.8,-0.9,-4.1,-8.0,17.2,31.3,304,5.84,10936.41,40774.54,0.81,0.0
2022-03-08,0.4,-4.7,-2.0,-4.5,-9.6,22.1,41.4,344,8.72,24475.62,41002.76,0.82,1.2
2022-03-09,-0.3,-4.0,-2.7,-5.7,-9.3,18.0,33.8,8,7.38,12967.02,41231.9,0.93,0.2
2022-03-10,-2.0,-7.0,-4.3,-8.5,-13.7,26.5,50.0,33,13.48,32643.01,41461.84,1.56,0.5
2022-03-11,0.7,-7.8,-4.5,-6.8,-14.5,27.5,51.1,30,15.12,39857.04,41692.4,1.79,0.0
2022-03-12,4.2,-6.9,-1.5,-1.9,-11.0,18.0,35.3,311,11.93,27096.42,41923.45,1.64,0.4
2022-03-13,1.0,-1.7,-0.4,-3.3,-6.0,15.9,31.7,29,6.35,5413.59,42154.85,0.8,0.1
2022-03-14,5.3,-2.0,0.8,0.8,-5.8,13.2,27.7,299,14.66,39159.26,42386.43,1.57,0.0
2022-03-15,9.1,-1.8,2.3,5.2,-6.5,17.4,32.0,332,15.43,41793.45,42618.08,1.79,0.0
2022-03-16,3.2,-4.1,-0.9,-1.6,-9.2,17.2,34.9,113,16.15,40011.21,42849.64,1.74,0.0
2022-03-17,1.5,-5.8,-2.0,-4.4,-9.8,19.5,39.2,46,15.5,42418.58,43080.97,1.54,0.0
2022-03-18,2.5,-6.2,-2.4,-2.9,-11.1,16.4,34.2,35,16.18,42551.83,43311.93,1.67,0.0
2022-03-19,5.5,-5.2,-0.6,0.6,-9.5,12.3,28.4,353,16.72,42684.81,43542.38,1.98,0.0
2022-03-20,8.6,-3.5,1.5,3.7,-8.1,16.9,32.8,353,16.79,42817.38,43772.16,2.03,0.0
2022-03-21,10.6,-1.6,4.0,6.3,-5.6,16.6,33.5,346,16.76,42949.4,44001.15,2.01,0.0
2022-03-22,13.9,-0.3,5.8,10.9,-4.1,12.3,20.5,354,17.33,43080.76,44229.2,2.26,0.0
2022-03-23,15.8,0.2,7.4,13.0,-3.3,9.2,18.7,294,17.24,43200.0,44456.15,2.5,0.0
2022-03-24,9.4,2.5,5.3,3.5,-2.0,25.2,46.1,300,16.05,36528.0,44682.04,2.12,2.4
2022-03-25,10.0,0.3,4.7,6.3,-2.6,13.0,29.5,360,17.34,41569.37,44908.42,2.06,0.0
2022-03-26,15.1,2.4,7.5,8.4,-2.5,35.5,67.3,270,12.84,25598.95,45135.64,2.43,2.9
2022-03-27,4.3,-0.9,2.0,-1.6,-7.6,35.8,65.5,324,10.84,29003.76,45363.55,2.16,0.3
2022-03-28,13.1,-2.7,5.0,6.2,-7.7,32.7,59.8,246,15.75,36418.75,45592.04,3.21,0.0
2022-03-29,16.1,6.6,10.4,12.4,1.4,28.5,49.7,259,14.35,32991.01,45820.96,3.1,1.7
2022-03-30,9.9,2.3,6.4,7.2,-0.4,8.9,19.4,273,7.32,8429.83,46050.18,1.08,0.7
2022-03-31,15.9,1.5,8.0,12.9,-1.8,18.0,35.6,88,13.84,27577.73,46279.57,1.97,1.7
2022-04-01,13.4,6.7,8.8,12.3,3.7,15.4,28.8,53,6.48,2468.1,46508.99,0.94,7.4
2022-04-02,6.6,3.2,5.5,3.8,-0.6,17.2,32.0,337,4.38,0.0,46738.32,0.58,5.7
2022-04-03,3.2,0.3,1.6,-1.1,-4.1,16.9,34.2,319,6.38,766.02,46967.4,0.91,3.0
2022-04-04,5.4,-2.0,2.0,-0.5,-7.3,20.8,40.3,281,14.85,37628.34,47196.1,2.08,0.0
2022-04-05,7.2,-1.0,3.2,1.7,-6.2,29.1,56.2,216,8.73,7382.21,47424.28,1.63,0.4
2022-04-06,12.9,2.2,7.3,8.4,-1.3,29.7,54.0,245,9.69,18871.01,47651.79,1.62,0.4
2022-04-07,19.1,4.4,11.6,15.2,1.4,23.3,43.9,188,19.9,43200.0,47878.49,3.79,0.0
2022-04-08,15.8,5.9,9.4,12.6,2.9,20.3,46.8,211,13.47,32824.83,48104.23,2.08,3.2
2022-04-09,16.4,4.5,9.9,12.7,1.2,24.9,45.0,178,8.76,11279.52,48328.85,1.79,6.2
2022-04-10,10.3,4.9,6.5,7.8,0.6,24.3,47.9,339,4.36,0.0,48552.19,0.85,4.9
2022-04-11,10.2,3.6,6.6,4.8,-0.4,26.8,49.0,346,15.2,24779.0,48774.1,2.3,4.2
2022-04-12,9.4,3.8,6.2,2.4,-1.9,34.5,61.2,333,12.97,18726.07,48994.41,2.52,0.6
2022-04-13,6.1,3.7,5.1,1.5,-1.9,31.4,57.2,345,3.27,0.0,49213.11,0.76,2.7
2022-04-14,13.0,4.6,8.1,8.7,0.6,20.9,39.2,352,20.94,44455.62,49431.73,3.04,0.0
2022-04-15,19.1,2.5,11.1,15.9,-0.7,13.6,27.4,219,20.97,42168.86,49650.59,3.68,0.0
2022-04-16,11.4,3.5,8.4,8.3,-0.5,23.9,44.3,326,7.42,2679.11,49869.55,1.33,1.4
2022-04-17,6.2,1.0,3.6,1.9,-3.0,21.1,41.4,340,14.01,29470.6,50088.45,1.62,2.0
2022-04-18,5.9,0.5,3.0,2.1,-3.6,12.6,24.5,340,11.06,16896.41,50307.16,1.43,0.4
2022-04-19,9.2,3.2,6.0,4.9,-1.4,20.9,40.7,321,10.4,11109.38,50525.54,1.68,0.3
2022-04-20,10.4,3.5,6.8,7.9,-0.6,15.3,28.1,271,12.52,25464.23,50743.42,1.83,0.7
2022-04-21,9.9,3.1,6.6,6.2,0.5,16.2,32.8,153,14.38,33870.95,50960.66,1.8,2.7
2022-04-22,9.6,4.8,7.3,6.7,1.1,22.3,43.2,139,4.74,0.0,51177.09,0.74,8.8
2022-04-23,16.6,7.1,11.0,12.1,2.9,26.9,50.0,144,13.97,16762.92,51392.55,2.58,3.8
2022-04-24,16.1,7.6,11.4,12.8,5.1,17.8,33.8,254,19.53,47528.06,51606.88,2.92,1.2
2022-04-25,20.0,7.3,12.9,18.9,4.7,17.9,40.7,170,15.17,25305.78,51819.9,2.53,9.0
2022-04-26,16.7,9.7,12.4,15.2,7.7,23.2,40.7,274,14.59,31720.11,52031.44,2.18,11.8
2022-04-27,15.4,6.4,10.8,11.9,3.6,14.4,30.2,320,19.0,50178.45,52241.31,2.92,0.1
2022-04-28,15.4,6.2,10.4,12.9,3.4,11.3,24.8,6,22.27,50400.0,52449.32,3.39,0.0
2022-04-29,14.0,4.2,9.9,12.0,1.6,11.3,20.9,13,21.79,49693.38,52655.29,3.14,0.3
2022-04-30,14.6,5.8,10.4,11.4,3.0,17.5,32.4,12,21.87,46800.0,52859.02,3.31,0.7
2022-05-01,15.6,4.3,10.3,13.4,1.0,10.5,16.6,66,20.69,50400.0,53060.29,3.24,0.0
2022-05-02,18.1,6.2,12.2,15.1,3.0,10.9,23.8,195,21.1,50400.0,53258.9,3.76,0.0
2022-05-03,19.2,7.5,13.4,17.8,4.6,12.7,26.6,232,21.42,46181.65,53454.81,3.87,0.0
2022-05-04,16.9,8.1,12.1,12.2,3.3,23.8,44.6,346,23.23,50400.0,53649.46,4.15,0.1
2022-05-05,14.6,4.3,9.4,11.8,0.5,15.0,31.3,47,26.68,50400.0,53843.13,4.07,0.0
2022-05-06,17.8,4.8,11.6,15.0,1.7,12.4,27.0,138,26.5,50400.0,54035.66,4.52,0.0
2022-05-07,19.3,8.2,14.3,15.8,4.6,16.5,34.9,172,18.82,32863.11,54226.89,4.3,0.0
2022-05-08,22.1,12.1,16.9,19.7,9.0,16.7,35.3,230,19.31,46800.0,54416.64,4.43,0.3
2022-05-09,17.4,9.9,14.2,13.2,6.4,22.8,45.0,358,26.45,47186.21,54604.73,4.81,0.0
2022-05-10,18.2,6.2,12.1,12.8,3.1,21.7,45.4,355,24.36,50933.9,54790.98,4.72,0.0
2022-05-11,20.9,5.7,13.7,17.8,2.2,13.9,30.2,319,27.25,50892.55,54975.21,5.03,0.0
2022-05-12,29.4,11.5,20.6,25.3,8.2,30.4,59.0,252,24.5,44836.87,55157.22,7.12,4.6
2022-05-13,22.0,11.6,17.3,17.3,10.0,25.3,48.6,303,20.98,46159.3,55336.81,4.85,0.0
2022-05-14,20.3,10.6,15.3,17.2,8.6,24.7,46.1,303,20.03,30605.09,55513.79,4.31,4.7
2022-05-15,18.5,10.1,14.4,13.3,7.0,28.3,54.7,297,18.3,46325.53,55687.95,4.22,0.3
2022-05-16,19.1,8.4,14.0,13.6,5.9,24.5,44.6,309,16.52,37277.2,55859.05,4.11,0.2
2022-05-17,19.5,8.6,13.8,13.9,4.7,31.3,58.3,299,22.82,52466.71,56026.92,5.3,0.0
2022-05-18,12.9,5.5,9.4,7.2,1.4,30.3,55.4,340,10.85,20269.88,56191.3,2.27,4.6
2022-05-19,21.1,7.3,14.3,17.3,3.6,23.5,43.9,320,25.87,49561.76,56351.98,5.38,0.0
2022-05-20,25.6,10.8,17.7,22.9,7.5,19.2,34.9,272,17.01,28665.98,56508.72,4.39,0.0
2022-05-21,24.1,16.5,19.5,22.1,13.0,30.6,54.7,270,14.77,33094.89,56661.29,4.16,1.7
2022-05-22,15.9,11.1,12.6,12.3,6.7,34.9,62.3,296,6.9,1780.08,56809.45,2.28,1.5
2022-05-23,17.5,10.0,13.6,14.6,8.4,18.5,38.5,351,22.63,46528.06,56953.07,3.94,0.6
2022-05-24,21.6,7.2,14.6,17.1,4.8,23.9,54.0,4,27.55,55257.81,57093.32,5.03,0.0
2022-05-25,23.9,8.6,17.2,21.2,6.3,14.3,29.2,230,21.62,37977.64,57230.37,4.69,0.0
2022-05-26,21.5,13.2,17.3,16.4,10.3,32.6,60.1,274,17.23,32676.78,57364.1,4.28,11.1
2022-05-27,22.1,13.6,17.5,17.8,10.7,28.3,51.5,266,16.41,35945.76,57494.35,4.41,2.6
2022-05-28,18.5,9.8,14.3,14.8,6.4,22.4,45.0,266,24.36,45542.05,57620.95,4.5,6.1
2022-05-29,19.9,10.1,15.3,17.0,7.2,15.9,33.8,245,21.89,42995.86,57743.75,4.27,0.1
2022-05-30,20.5,12.4,16.1,18.2,11.1,28.0,52.9,137,12.78,14133.93,57862.59,2.45,6.3
2022-05-31,19.7,13.2,16.0,18.3,11.9,19.3,38.5,357,19.84,46561.32,57977.32,3.19,0.7
2022-06-01,26.2,11.8,19.1,26.6,10.5,11.1,25.6,77,26.92,53900.0,58087.77,5.08,0.0
2022-06-02,27.5,15.6,21.5,30.0,16.3,12.6,35.6,308,24.57,53030.27,58193.77,4.84,1.9
2022-06-03,22.0,15.0,18.2,20.8,13.5,18.7,37.4,344,28.27,50153.31,58295.17,4.96,0.0
2022-06-04,24.3,11.8,18.9,23.3,10.6,10.0,22.7,97,26.15,53482.17,58391.79,4.99,0.0
2022-06-05,21.1,15.3,17.7,20.0,14.2,18.1,35.3,28,12.93,25056.34,58483.46,2.99,1.4
2022-06-06,24.0,14.0,19.2,22.9,14.0,14.8,34.6,8,24.88,57517.12,58570.04,5.07,0.0
2022-06-07,26.6,14.1,21.1,25.6,13.2,9.0,20.5,108,21.67,50822.68,58651.36,4.52,0.0
2022-06-08,28.9,16.5,23.5,28.5,16.0,12.2,24.1,145,22.04,51703.48,58727.26,5.41,0.0
2022-06-09,29.5,17.0,24.2,27.7,16.9,14.2,28.4,109,20.96,51395.41,58797.56,5.64,0.0
2022-06-10,30.4,17.4,24.6,28.7,17.4,16.5,35.3,105,29.04,57600.0,58862.12,7.14,0.0
2022-06-11,31.5,17.0,25.6,31.0,16.0,11.5,25.9,100,29.21,57600.0,58920.79,7.0,0.0
2022-06-12,26.6,19.6,23.6,26.7,19.0,21.5,42.1,360,25.2,57600.0,58973.43,5.89,1.3
2022-06-13,27.4,18.0,23.2,27.1,18.5,11.6,30.2,356,25.56,57600.0,59020.47,5.7,0.0
2022-06-14,23.2,16.5,20.5,22.2,13.5,25.9,49.7,298,24.18,54000.0,59061.98,5.68,0.1
2022-06-15,22.1,13.0,18.0,18.5,10.7,20.1,39.6,303,21.55,50720.72,59097.97,5.12,0.0
2022-06-16,24.2,13.4,19.1,22.6,11.7,14.3,30.2,295,24.5,57475.87,59128.4,5.14,0.1
2022-06-17,26.1,13.6,19.3,24.0,13.1,25.2,46.4,323,17.99,32292.5,59153.27,4.13,3.1
2022-06-18,22.1,14.1,18.0,20.4,13.3,17.0,35.6,353,20.82,43200.0,59172.59,3.96,5.6
2022-06-19,29.0,13.9,22.2,28.6,12.7,13.8,28.4,239,28.57,57600.0,59186.32,6.37,0.0
2022-06-20,31.7,18.6,25.7,30.3,17.4,24.1,46.4,224,29.26,57600.0,59194.49,8.04,0.0
2022-06-21,30.6,15.6,21.8,30.6,12.5,27.8,57.2,261,19.59,41185.84,59197.09,5.41,7.5
2022-06-22,18.9,11.5,15.5,16.6,9.0,20.9,39.6,321,22.34,46210.57,59194.14,4.51,0.3
2022-06-23,23.0,14.6,18.9,19.5,12.7,29.7,53.6,2,16.17,15958.5,59185.64,4.29,0.2
2022-06-24,26.2,17.7,21.8,23.9,15.8,23.7,46.4,15,23.52,40641.14,59171.61,6.22,0.0
2022-06-25,26.8,15.9,22.1,24.8,15.4,17.3,36.0,55,23.51,48281.12,59152.09,5.69,0.0
2022-06-26,27.9,16.4,23.1,26.7,16.9,20.5,39.6,64,24.11,56448.69,59127.07,5.79,0.0
2022-06-27,29.8,18.8,24.9,29.8,19.2,18.3,37.8,56,24.65,55229.25,59096.6,5.99,0.5
2022-06-28,32.3,18.9,26.8,32.3,20.6,15.0,31.3,29,25.42,57600.0,59060.71,6.34,0.0
2022-06-29,30.9,21.5,25.0,33.9,23.7,16.5,53.3,65,21.71,41669.98,59019.41,4.45,3.2
2022-06-30,27.0,18.6,23.4,28.3,20.5,17.7,36.0,64,24.98,54656.03,58972.78,5.13,1.0
2022-07-01,28.8,17.5,24.0,29.5,18.8,13.1,29.5,28,28.7,57600.0,58920.84,6.22,0.0
2022-07-02,27.4,17.1,22.7,27.8,16.9,12.6,27.7,90,29.33,57600.0,58863.57,6.29,0.0
2022-07-03,28.0,14.9,21.4,28.7,14.5,7.2,21.2,114,23.52,57600.0,58800.41,4.63,1.6
2022-07-04,30.0,17.3,24.2,29.9,18.6,14.3,29.9,130,27.37,55895.54,58731.35,6.18,0.0
2022-07-05,31.4,19.1,26.3,32.9,19.9,9.8,21.6,171,24.69,57041.59,58656.57,5.66,0.0
2022-07-06,33.3,21.0,26.6,32.8,22.4,19.1,40.0,169,23.03,52501.69,58576.27,6.16,0.4
2022-07-07,23.4,16.5,20.0,22.2,15.1,20.8,38.5,337,19.08,46266.13,58490.57,4.1,0.0
2022-07-08,24.4,16.5,20.6,23.7,17.3,17.2,36.0,14,19.54,34431.41,58399.68,4.31,0.4
2022-07-09,23.5,17.1,19.7,22.4,17.2,20.6,40.7,357,17.46,35366.81,58303.78,3.49,2.8
2022-07-10,23.9,15.8,19.5,23.3,15.4,17.3,34.6,333,21.0,54404.43,58203.05,4.13,1.5
2022-07-11,23.0,15.4,18.8,19.5,13.9,24.9,47.2,312,17.38,31140.52,58097.64,4.3,1.1
2022-07-12,21.2,14.1,17.4,18.4,11.3,25.4,46.1,244,21.16,45147.24,57987.78,4.56,4.2
2022-07-13,19.3,13.8,15.7,17.6,10.0,32.3,59.0,223,9.15,6172.17,57873.58,2.24,9.8
2022-07-14,25.1,13.9,19.3,23.0,12.0,24.3,47.2,297,22.25,47219.27,57755.27,4.66,0.3
2022-07-15,23.8,14.9,19.3,26.8,15.1,18.4,42.1,296,17.23,41799.93,57632.99,3.22,8.1
2022-07-16,23.6,13.3,18.8,21.7,12.5,12.8,27.7,310,19.57,40061.79,57506.93,4.06,1.9
2022-07-17,20.0,13.5,16.6,18.0,11.3,22.0,43.6,277,24.04,53353.71,57377.26,4.14,6.2
2022-07-18,21.8,11.6,16.9,19.7,10.0,19.9,38.5,312,23.9,54506.45,57244.14,4.41,0.5
2022-07-19,21.5,13.1,16.7,20.8,11.8,16.7,36.0,279,11.97,21576.51,57107.75,2.35,1.6
2022-07-20,26.8,14.0,19.8,25.8,13.9,29.7,54.4,306,22.31,53079.98,56968.23,4.88,0.7
2022-07-21,24.5,13.8,19.6,21.6,11.6,28.2,53.3,323,22.81,50223.15,56825.76,5.19,0.7
2022-07-22,24.4,16.2,20.6,22.6,16.4,23.5,46.1,352,25.39,53460.04,56680.34,5.11,0.1
2022-07-23,28.0,16.4,22.5,28.5,17.0,10.5,24.5,12,25.53,53930.71,56530.78,5.28,0.0
2022-07-24,29.8,17.7,22.5,30.2,17.9,13.8,30.6,239,19.47,39096.39,56376.91,4.38,7.4
2022-07-25,24.6,16.4,20.4,23.9,15.6,20.8,39.2,326,22.45,51164.82,56219.0,4.42,0.8
2022-07-26,25.8,15.1,20.5,25.2,15.1,14.2,31.3,348,24.39,52054.46,56057.25,4.7,0.3
2022-07-27,28.2,15.6,21.8,28.0,15.7,17.3,35.6,250,19.21,36445.54,55891.93,4.24,0.1
2022-07-28,26.0,16.5,21.3,26.1,16.6,16.3,33.8,353,25.48,51575.74,55723.25,5.16,0.2
2022-07-29,27.1,15.1,21.9,27.6,14.6,10.8,19.4,114,21.94,50400.0,55551.43,4.66,0.0
2022-07-30,28.9,17.6,23.4,29.4,18.2,16.3,31.3,130,22.95,50838.83,55376.69,5.55,0.0
2022-07-31,29.0,19.1,24.2,27.6,18.2,19.4,40.0,127,24.86,50400.0,55199.25,6.41,0.0
2022-08-01,28.5,18.2,22.8,28.2,17.2,17.9,40.7,112,20.95,40054.67,55019.3,5.18,1.5
2022-08-02,24.1,18.4,19.8,23.1,18.5,22.0,42.1,359,10.47,16730.56,54837.05,2.1,11.9
2022-08-03,23.3,18.0,19.7,23.7,18.3,21.6,42.5,2,12.55,19837.22,54652.71,2.26,11.5
2022-08-04,24.6,18.1,20.4,25.8,19.2,16.7,33.8,13,16.52,33974.09,54466.46,3.03,2.0
2022-08-05,25.9,18.3,21.5,27.0,19.8,16.3,32.4,50,17.71,37404.75,54278.49,3.43,1.3
2022-08-06,28.9,18.1,23.3,30.5,19.7,13.0,28.8,94,22.94,50400.0,54088.98,4.67,0.1
2022-08-07,29.1,19.0,22.8,32.0,20.6,19.0,34.2,5,19.64,39600.0,53898.11,3.87,7.7
2022-08-08,22.2,17.1,19.7,23.1,18.0,14.8,25.9,0,12.12,11489.26,53706.05,2.31,16.4
2022-08-09,22.8,17.2,19.7,21.6,17.9,18.7,36.0,4,16.57,28931.81,53512.96,3.37,0.1
2022-08-10,22.0,15.9,18.7,20.7,16.0,21.1,40.7,6,13.89,19788.35,53319.02,2.75,3.8
2022-08-11,24.8,16.6,19.8,25.1,16.5,22.7,40.0,24,15.23,25294.5,53124.21,2.92,21.2
2022-08-12,26.9,18.6,22.3,28.2,19.4,20.1,37.4,46,14.74,27680.29,52927.1,3.14,0.0
2022-08-13,26.6,19.9,22.9,27.4,21.2,20.2,42.5,66,16.87,40524.22,52727.45,3.68,1.5
2022-08-14,28.2,20.2,23.8,29.4,20.0,22.7,41.4,79,18.67,39396.73,52525.46,4.6,0.3
2022-08-15,27.1,20.9,24.0,27.4,21.6,21.5,41.4,74,16.88,38414.84,52321.32,4.31,0.4
2022-08-16,25.4,19.4,22.2,26.2,20.3,21.9,41.8,102,12.83,21538.09,52115.22,3.18,3.7
2022-08-17,27.5,17.4,21.6,28.7,19.0,15.9,30.2,75,17.76,34396.68,51907.36,3.5,2.5
2022-08-18,27.9,18.4,22.7,28.4,19.4,19.3,36.7,29,22.23,50400.0,51697.9,4.61,0.0
2022-08-19,24.2,18.0,21.2,24.1,18.2,19.8,37.8,33,13.74,33883.7,51487.03,3.15,0.3
2022-08-20,23.8,16.0,19.9,24.6,16.9,13.3,25.6,55,13.92,33587.59,51274.91,2.75,0.6
2022-08-21,26.6,17.6,21.5,26.6,18.7,16.8,33.5,100,16.27,35967.85,51061.71,3.54,0.3
2022-08-22,28.6,17.0,22.6,28.3,17.9,19.4,36.0,86,21.35,50161.03,50847.59,4.77,0.0
2022-08-23,29.9,19.1,24.1,26.9,17.9,24.3,45.4,107,20.64,49948.1,50632.71,5.93,0.0
2022-08-24,31.3,18.2,24.4,29.6,16.7,21.3,39.2,92,21.84,49734.52,50417.21,6.16,0.0
2022-08-25,31.0,16.4,23.9,29.4,15.5,21.3,41.8,71,21.75,49520.45,50201.26,5.97,0.0
2022-08-26,30.1,17.5,24.0,27.6,17.0,20.4,40.0,79,20.22,41196.54,49984.99,5.86,0.0
2022-08-27,29.5,20.0,24.0,27.0,18.6,17.3,33.1,63,14.87,33780.73,49768.56,4.8,0.0
2022-08-28,28.0,17.5,22.1,28.0,17.5,12.3,24.8,20,15.88,42049.93,49552.09,3.59,0.0
2022-08-29,31.1,15.4,23.6,30.0,15.9,17.1,31.7,246,19.59,46729.65,49335.71,5.01,0.0
2022-08-30,27.0,18.7,22.6,25.9,18.9,17.7,36.7,285,20.27,46090.42,49119.59,4.72,0.0
2022-08-31,24.5,15.4,19.7,22.6,14.8,17.6,35.3,308,15.38,42398.09,48903.68,3.67,0.4
2022-09-01,20.5,13.2,17.3,17.1,12.3,16.6,32.4,340,13.67,38510.56,48686.52,3.28,0.0
2022-09-02,19.9,9.4,15.1,16.7,8.1,12.4,27.0,11,18.6,42327.65,48467.85,3.61,0.0
2022-09-03,18.1,12.4,14.8,15.5,10.0,12.6,23.8,86,9.32,11510.61,48247.83,2.64,0.0
2022-09-04,18.8,8.9,14.9,15.3,6.9,14.0,30.2,14,15.32,43348.57,48026.59,3.2,0.0
2022-09-05,18.1,10.6,14.1,14.5,8.2,22.1,41.4,336,13.2,30605.91,47804.29,3.01,0.4
2022-09-06,14.1,7.6,11.4,10.4,5.7,18.7,36.7,344,10.71,25743.48,47581.07,2.19,0.2
2022-09-07,17.5,5.1,11.4,14.3,2.2,15.1,31.0,267,15.84,41342.22,47357.06,2.8,0.0
2022-09-08,19.1,6.7,13.6,16.7,4.4,12.9,27.4,31,19.54,43692.95,47132.41,3.48,0.0
2022-09-09,17.4,7.3,12.8,13.3,4.5,18.8,38.2,90,13.56,31776.78,46907.24,3.04,0.0
2022-09-10,13.6,9.6,11.2,9.6,5.8,27.0,47.5,119,2.97,0.0,46681.7,0.96,13.8
2022-09-11,18.2,11.6,14.2,17.1,8.4,29.5,55.4,157,11.55,22870.98,46455.91,2.14,7.8
2022-09-12,13.1,10.9,11.9,11.7,9.6,13.5,25.2,243,4.85,1124.41,46229.99,0.9,2.7
2022-09-13,13.6,10.6,11.7,11.0,8.6,19.9,36.4,347,4.98,0.0,46004.08,0.92,9.4
2022-09-14,17.5,10.2,13.3,15.9,8.1,17.7,33.8,257,9.4,27691.49,45778.3,1.6,1.5
2022-09-15,18.2,10.9,14.8,19.3,10.0,11.8,20.5,203,5.37,3433.4,45552.78,1.02,1.6
2022-09-16,19.6,12.0,16.0,19.4,11.0,16.8,31.0,285,12.28,37967.86,45327.63,2.16,1.4
2022-09-17,14.7,9.9,12.3,14.1,8.7,8.1,16.2,194,2.99,0.0,45102.99,0.69,2.1
2022-09-18,16.2,8.4,12.6,16.0,2.7,39.4,69.1,157,4.01,8382.8,44878.97,0.89,5.7
2022-09-19,15.1,8.9,11.4,10.8,5.0,31.6,57.2,254,10.35,24200.14,44655.7,1.99,2.0
2022-09-20,13.4,7.4,10.4,11.3,5.5,13.1,24.8,50,9.03,21066.44,44433.14,1.32,11.4
2022-09-21,13.0,7.8,10.0,10.3,5.8,20.4,37.8,345,8.41,15016.17,44209.8,1.14,5.9
2022-09-22,12.4,6.1,8.9,9.9,3.9,12.2,26.3,292,9.76,27535.7,43985.4,1.34,0.3
2022-09-23,12.2,6.2,8.5,9.9,3.7,11.4,22.3,299,6.64,5734.02,43760.07,0.97,1.0
2022-09-24,11.7,6.3,8.7,8.0,3.7,21.9,41.4,295,7.7,19483.85,43533.95,1.14,2.7
2022-09-25,14.4,5.8,9.7,11.7,2.1,23.1,43.6,269,11.22,24329.99,43307.17,1.8,0.0
2022-09-26,16.6,8.1,11.9,15.5,6.1,12.1,21.2,161,6.77,9994.68,43079.87,1.27,3.3
2022-09-27,15.9,9.4,12.4,16.1,8.3,8.0,18.0,44,5.97,6773.71,42852.18,0.94,3.8
2022-09-28,15.8,9.3,12.0,15.1,8.4,15.2,25.9,209,5.68,4941.96,42624.24,0.93,1.1
2022-09-29,17.5,7.9,12.3,14.8,6.1,16.8,32.4,156,11.07,25980.18,42396.18,1.87,0.0
2022-09-30,21.0,11.2,15.8,21.7,10.7,12.1,22.7,193,11.11,35897.73,42168.14,1.79,0.0
2022-10-01,20.4,12.5,15.5,18.6,12.0,19.8,37.1,238,11.29,27894.72,41940.24,1.92,16.6
2022-10-02,14.4,7.7,12.3,14.3,2.9,33.5,61.2,276,3.51,0.0,41712.64,0.74,14.0
2022-10-03,13.2,7.4,9.9,8.1,2.8,33.2,61.9,261,7.13,11496.75,41485.46,1.53,8.9
2022-10-04,10.4,6.7,8.3,6.2,2.3,25.1,46.4,261,3.48,0.0,41258.83,0.68,6.8
2022-10-05,13.0,7.2,10.3,10.4,3.9,21.6,40.0,276,5.3,8924.72,41032.91,1.08,0.7
2022-10-06,18.5,8.9,13.3,16.2,6.2,15.8,31.0,258,13.13,38211.42,40807.84,2.23,0.0
2022-10-07,16.5,10.6,13.1,14.3,9.1,13.3,22.7,341,13.36,38835.11,40583.75,1.87,0.0
2022-10-08,17.4,4.6,10.8,15.3,1.6,11.5,21.2,156,13.19,38739.7,40360.79,1.92,0.0
2022-10-09,16.5,5.2,10.6,15.0,2.6,19.5,35.3,284,9.21,23560.91,40139.11,1.47,0.4
2022-10-10,13.3,6.6,9.2,8.6,2.9,23.8,44.6,336,10.74,38057.66,39918.69,1.6,0.0
2022-10-11,13.6,2.3,7.6,11.6,-0.5,9.4,19.1,296,12.36,38452.27,39697.9,1.58,0.0
2022-10-12,14.1,6.0,9.6,10.4,2.9,17.3,32.8,309,11.13,35074.88,39476.4,1.69,0.0
2022-10-13,12.2,5.1,8.2,10.3,2.7,8.6,20.5,328,7.96,30539.78,39254.37,1.05,0.3
2022-10-14,12.6,5.8,8.5,10.6,3.0,10.3,21.6,136,9.06,28800.0,39031.95,1.25,0.0
2022-10-15,13.4,4.1,7.9,9.9,0.9,13.7,28.1,153,11.22,34569.77,38809.3,1.77,0.0
2022-10-16,11.9,2.3,6.4,8.5,-1.0,14.3,29.5,152,11.67,37230.85,38586.58,1.5,0.0
2022-10-17,15.1,2.3,8.3,11.7,-1.1,13.9,28.4,206,11.03,36409.49,38363.97,1.86,0.0
2022-10-18,19.2,8.1,12.7,16.0,4.4,17.6,32.0,231,10.66,35962.18,38141.62,2.7,0.0
2022-10-19,14.5,8.1,11.5,10.7,3.8,23.8,41.0,284,6.79,22731.43,37919.71,1.77,0.7
2022-10-20,7.5,2.8,4.6,3.1,-2.3,29.5,52.9,322,1.43,0.0,37698.4,0.54,4.2
2022-10-21,7.7,1.1,4.4,5.2,-2.4,13.0,27.0,282,6.1,29103.65,37477.88,0.8,0.0
2022-10-22,9.6,2.0,5.7,7.0,-1.8,14.3,26.3,166,3.18,3019.15,37258.31,0.71,0.0
2022-10-23,12.4,7.7,9.7,9.8,5.3,18.6,35.3,276,2.51,1269.82,37039.9,0.5,7.3
2022-10-24,14.1,9.4,11.5,13.0,6.8,16.4,28.4,277,4.79,7452.71,36822.83,0.79,0.8
2022-10-25,14.8,9.8,11.8,14.0,8.7,10.8,18.4,171,4.84,11488.49,36607.28,0.72,13.1
2022-10-26,13.6,9.6,11.5,11.3,7.1,21.0,37.8,310,4.44,13512.27,36393.46,0.66,2.1
2022-10-27,13.2,8.6,10.5,9.9,5.9,20.6,37.8,307,4.26,10723.76,36181.57,0.83,0.4
2022-10-28,13.9,6.8,10.5,11.8,4.8,10.9,22.7,263,6.93,30131.43,35971.82,0.99,0.0
2022-10-29,16.6,7.9,12.4,14.3,5.6,23.5,41.0,249,7.34,25200.0,35764.42,1.38,0.1
2022-10-30,14.3,9.4,11.9,11.6,5.6,23.5,41.4,293,3.94,8373.56,35559.4,1.16,0.7
2022-10-31,9.6,3.5,7.6,5.3,-0.2,25.6,46.4,318,8.83,33076.82,35354.95,1.7,0.0
2022-11-01,9.1,0.7,4.7,6.9,-2.8,11.3,19.1,294,8.25,32400.0,35150.73,0.92,0.0
2022-11-02,9.2,2.3,6.0,6.5,-0.8,13.0,23.8,279,2.76,7200.0,34946.94,0.5,0.1
2022-11-03,10.5,6.2,8.2,7.3,3.9,18.5,32.8,303,1.31,0.0,34743.78,0.28,11.6
2022-11-04,9.4,6.6,7.9,7.4,4.7,12.6,22.0,290,2.74,0.0,34541.44,0.43,1.1
2022-11-05,7.2,4.0,6.0,5.8,1.3,17.1,32.0,104,2.97,1018.03,34340.14,0.41,0.0
2022-11-06,6.8,4.4,5.0,3.3,0.4,18.2,33.1,144,1.77,0.0,34140.09,0.36,1.3
2022-11-07,7.8,4.4,6.3,4.9,1.1,16.2,30.2,170,1.9,0.0,33941.5,0.39,0.6
2022-11-08,11.4,4.3,7.1,8.8,1.8,14.9,27.7,227,2.92,3896.43,33744.62,0.63,0.2
2022-11-09,11.9,2.5,6.2,9.8,-0.4,13.0,22.3,200,7.05,31919.8,33549.65,0.79,0.0
2022-11-10,10.7,4.3,7.4,7.1,1.1,19.5,35.6,191,3.89,10028.97,33356.86,0.55,0.5
2022-11-11,10.1,5.3,8.3,8.2,3.1,13.5,26.3,291,2.58,3939.79,33166.45,0.38,3.1
2022-11-12,11.9,6.6,9.1,8.2,4.0,21.3,38.5,260,4.49,16954.45,32978.71,0.77,0.0
2022-11-13,12.3,7.1,9.5,8.9,4.3,19.6,36.0,307,3.73,14400.0,32793.88,0.68,0.0
2022-11-14,6.8,2.2,4.7,4.1,-0.6,11.3,22.3,355,4.16,19396.06,32612.21,0.46,0.0
2022-11-15,6.6,3.3,4.9,3.4,0.1,17.3,32.4,198,1.92,0.0,32433.99,0.45,0.0
2022-11-16,6.7,3.0,5.0,4.2,-1.0,16.4,29.2,53,0.9,0.0,32259.48,0.26,3.2
2022-11-17,2.8,-1.9,-0.2,-1.5,-6.7,20.9,37.8,39,2.72,0.0,32088.96,0.42,2.9
2022-11-18,-0.9,-3.2,-2.1,-5.5,-7.5,15.4,26.3,88,2.65,0.0,31922.73,0.42,1.4
2022-11-19,-0.2,-2.2,-0.9,-4.9,-6.8,19.0,33.8,356,2.86,0.0,31760.89,0.24,18.9
2022-11-20,-2.0,-4.5,-2.9,-5.8,-8.3,15.2,26.6,81,1.52,0.0,31601.74,0.19,1.8
2022-11-21,0.2,-2.0,-1.2,-3.3,-6.1,16.6,29.2,36,1.68,0.0,31444.99,0.17,12.6
2022-11-22,0.2,-4.0,-2.1,-3.4,-8.4,18.0,32.0,280,3.32,0.0,31290.82,0.25,0.2
2022-11-23,-0.7,-6.6,-2.1,-3.8,-10.9,10.8,18.7,282,3.83,10315.8,31139.46,0.27,0.0
2022-11-24,2.0,-1.3,0.7,-1.3,-5.7,17.3,29.9,88,1.18,0.0,30991.12,0.16,12.4
2022-11-25,1.1,0.2,0.7,-1.5,-3.6,12.7,22.7,345,0.98,0.0,30846.01,0.13,3.5
2022-11-26,0.6,0.0,0.3,-2.9,-3.7,13.5,23.0,325,1.07,0.0,30704.35,0.14,3.8
2022-11-27,0.2,-1.2,-0.5,-3.8,-4.8,13.8,23.8,317,0.99,0.0,30566.38,0.14,3.3
2022-11-28,0.4,-1.8,-0.6,-2.4,-4.9,8.0,13.3,10,2.2,0.0,30432.3,0.22,1.1
2022-11-29,0.7,-1.3,-0.5,-2.8,-5.6,13.8,25.2,95,1.04,0.0,30302.37,0.15,5.1
2022-11-30,-1.2,-3.3,-2.5,-5.2,-7.3,10.9,19.4,83,2.01,3600.0,30176.81,0.29,2.2
2022-12-01,-1.0,-7.2,-2.8,-5.2,-12.1,10.5,16.2,85,4.85,21600.0,30055.86,0.46,0.0
2022-12-02,-0.4,-4.8,-2.7,-4.6,-9.3,9.7,17.3,83,4.05,14527.55,29939.76,0.51,0.4
2022-12-03,-1.5,-3.0,-2.0,-6.0,-8.4,18.7,32.8,113,1.45,0.0,29828.76,0.43,0.0
2022-12-04,-3.4,-7.6,-5.3,-8.7,-13.1,16.8,31.3,121,4.2,15730.79,29723.09,0.49,0.0
2022-12-05,-5.3,-9.2,-7.2,-10.7,-14.7,16.0,28.4,132,4.15,19315.56,29623.0,0.4,0.0
2022-12-06,-3.8,-9.4,-6.2,-9.2,-14.6,21.7,40.3,149,4.0,18248.76,29528.74,0.4,0.0
2022-12-07,-0.8,-4.3,-2.3,-4.9,-9.9,20.0,35.6,148,1.12,0.0,29440.55,0.24,3.5
2022-12-08,0.2,-0.8,-0.5,-3.7,-4.6,11.4,20.5,177,2.17,0.0,29358.69,0.16,0.0
2022-12-09,0.3,-0.7,-0.3,-2.6,-4.3,10.5,18.0,137,1.66,0.0,29283.27,0.16,0.1
2022-12-10,3.0,-0.3,1.2,-0.2,-4.4,21.4,36.7,163,0.89,0.0,29213.43,0.12,1.2
2022-12-11,9.4,0.9,5.2,6.6,-1.9,25.0,43.6,143,0.75,0.0,29148.97,0.13,14.5
2022-12-12,5.3,-1.5,-0.4,1.4,-5.9,19.7,33.8,263,2.39,5949.63,29089.95,0.26,4.1
2022-12-13,-0.3,-4.0,-1.6,-3.9,-8.4,21.9,37.4,281,1.5,0.0,29036.44,0.25,0.3
2022-12-14,-2.5,-4.6,-3.4,-7.3,-10.0,17.1,33.8,260,4.17,22957.04,28988.53,0.53,0.2
2022-12-15,1.0,-3.7,-1.3,-2.6,-10.2,28.2,50.0,160,0.57,0.0,28946.26,0.25,5.5
2022-12-16,1.4,-1.6,-0.0,-2.3,-5.3,21.4,37.1,121,0.71,0.0,28909.7,0.13,11.0
2022-12-17,2.8,0.4,1.6,0.5,-4.5,20.2,34.9,189,0.78,0.0,28878.91,0.12,6.5
2022-12-18,0.1,-7.2,-4.2,-5.1,-13.6,27.0,48.2,297,1.67,172.83,28853.94,0.35,0.0
2022-12-19,-3.5,-8.8,-6.0,-7.7,-14.8,19.3,36.0,292,2.41,3899.54,28834.85,0.3,0.0
2022-12-20,0.2,-7.1,-2.7,-5.1,-12.5,28.9,51.1,214,0.99,0.0,28821.67,0.93,1.7
2022-12-21,3.5,-0.3,0.9,-0.1,-4.6,16.2,29.9,229,2.16,8084.54,28814.46,0.57,0.0
2022-12-22,3.5,-0.8,1.4,0.1,-4.8,12.7,22.0,218,2.17,8327.66,28813.25,0.26,2.2
2022-12-23,3.6,1.2,2.2,0.0,-3.0,14.5,25.6,205,2.88,14672.02,28818.07,0.26,1.1
2022-12-24,4.6,0.3,2.2,2.2,-3.2,12.7,22.0,204,1.28,0.0,28828.96,0.17,0.2
2022-12-25,1.6,-0.5,1.1,-1.2,-4.1,13.3,23.8,20,0.8,0.0,28845.94,0.12,1.8
2022-12-26,0.1,-2.2,-1.0,-3.7,-5.9,17.9,31.0,117,1.16,0.0,28869.02,0.18,2.1
2022-12-27,4.9,0.2,2.5,1.9,-4.5,26.8,49.7,244,1.64,569.25,28898.24,0.2,5.7
2022-12-28,3.2,-0.8,1.2,-1.8,-5.0,23.3,41.8,284,3.1,17653.07,28933.59,0.41,0.0
2022-12-29,3.5,0.1,1.5,-1.2,-5.1,18.4,32.0,222,1.7,3600.0,28975.14,0.71,0.1
2022-12-30,6.8,0.4,3.0,3.9,-4.4,16.6,28.4,237,3.93,27175.73,29023.33,0.55,0.0
2022-12-31,6.2,-1.0,3.0,3.0,-4.7,18.6,32.0,229,3.77,22066.81,29078.14,0.34,0.0
2023-01-01,13.5,5.0,9.5,9.7,0.7,22.2,39.2,249,3.4,20404.69,29139.38,1.05,0.0
2023-01-02,10.9,6.1,8.0,9.3,3.0,20.6,37.8,254,3.97,25884.66,29206.87,0.63,0.0
2023-01-03,10.4,4.7,6.8,6.6,0.0,23.7,44.3,271,3.82,22818.93,29280.42,0.54,0.0
2023-01-04,4.7,1.5,3.6,-0.5,-2.3,22.0,40.0,290,1.41,3600.0,29359.86,0.68,0.3
2023-01-05,6.3,0.2,3.7,1.9,-4.5,24.9,45.7,239,0.73,0.0,29444.97,0.32,7.4
2023-01-06,5.8,-6.7,-0.2,1.5,-11.8,22.7,41.8,340,1.36,0.0,29535.58,0.33,2.5
2023-01-07,-6.1,-9.9,-8.6,-11.1,-15.3,12.3,24.1,85,4.42,21789.21,29631.49,0.51,0.0
2023-01-08,-4.5,-10.1,-8.0,-10.6,-15.7,20.0,35.3,133,4.22,21581.26,29732.51,0.67,0.0
2023-01-09,-0.6,-6.4,-3.1,-7.0,-12.7,26.1,48.6,153,0.68,0.0,29838.44,0.73,0.8
2023-01-10,-0.9,-5.6,-3.6,-7.8,-12.5,28.5,53.3,135,3.54,14012.19,29949.11,1.07,1.5
2023-01-11,-4.8,-7.6,-6.6,-10.7,-13.2,22.9,45.0,135,3.55,10800.0,30064.3,0.68,1.5
2023-01-12,-2.8,-8.8,-6.1,-8.0,-14.1,16.0,31.3,152,4.43,21532.77,30183.86,0.43,0.0
2023-01-13,-0.9,-6.2,-3.6,-5.5,-11.4,14.8,26.6,159,3.79,21572.36,30307.55,0.39,0.0
2023-01-14,0.4,-2.0,-1.3,-3.8,-6.5,12.7,22.3,173,1.53,0.0,30435.23,0.29,0.0
2023-01-15,0.8,-1.9,-1.0,-3.7,-6.3,18.8,32.4,161,2.1,1452.14,30566.7,0.3,0.0
2023-01-16,2.0,-1.7,-0.0,-2.7,-6.5,19.7,33.8,163,0.96,0.0,30701.77,0.18,1.2
2023-01-17,5.8,2.2,3.6,2.7,-3.2,24.3,42.8,153,0.92,0.0,30840.27,0.17,8.0
2023-01-18,9.3,5.2,7.2,5.4,0.9,25.6,45.4,155,1.17,0.0,30982.19,0.25,0.9
2023-01-19,8.6,1.3,5.3,5.4,-1.7,21.1,37.4,161,2.2,175.94,31129.04,0.23,0.4
2023-01-20,9.8,3.3,6.3,7.1,-1.1,17.4,35.6,153,3.6,12804.52,31280.99,0.43,0.0
2023-01-21,3.2,-0.6,1.2,-1.4,-5.5,19.1,39.2,126,3.74,13560.89,31437.75,0.42,0.5
2023-01-22,3.0,-0.3,1.5,-0.8,-3.7,15.1,28.1,127,1.76,0.0,31599.01,0.23,0.0
2023-01-23,0.8,-1.0,-0.2,-3.2,-4.9,12.6,24.8,61,2.14,298.99,31764.51,0.32,0.0
2023-01-24,-0.6,-5.3,-2.3,-4.5,-9.2,10.0,19.4,23,5.59,21600.0,31933.93,0.43,0.0
2023-01-25,0.2,-3.2,-1.8,-3.6,-6.8,7.9,16.6,280,3.43,14585.34,32107.03,0.41,0.0
2023-01-26,-0.4,-3.1,-2.1,-4.8,-7.3,12.2,22.7,180,2.26,38.67,32283.51,0.4,0.0
2023-01-27,0.5,-2.3,-1.6,-3.1,-6.8,11.7,20.9,116,4.05,11927.89,32463.12,0.4,0.2
2023-01-28,0.7,-4.3,-2.1,-4.2,-8.4,16.8,31.7,29,4.67,12553.98,32645.6,0.53,0.0
2023-01-29,0.1,-5.6,-3.0,-4.6,-9.8,13.1,26.6,335,4.42,17888.29,32830.69,0.47,0.2
2023-01-30,1.0,-5.4,-1.5,-4.9,-10.0,23.5,43.9,227,3.03,3600.0,33018.15,0.67,0.7
2023-01-31,2.9,-2.0,-0.3,-1.1,-6.5,19.1,33.8,252,2.83,5633.38,33207.75,0.41,3.7
2023-02-01,1.6,-2.9,-0.7,-3.7,-7.3,22.2,39.6,233,3.09,3987.39,33399.23,0.38,1.2
2023-02-02,3.4,-1.7,0.6,-0.7,-6.3,16.6,32.0,235,4.83,22709.35,33592.38,0.52,1.0
2023-02-03,1.8,-2.5,-0.7,-3.2,-6.2,19.3,35.3,283,3.51,11030.19,33786.97,0.42,1.2
2023-02-04,-0.9,-4.5,-2.4,-5.4,-9.9,16.9,30.2,344,4.74,10800.0,33982.79,0.55,0.2
2023-02-05,-1.2,-4.6,-2.7,-6.3,-10.0,22.3,40.3,352,2.01,0.0,34179.62,0.5,1.7
2023-02-06,-1.9,-4.3,-3.0,-7.8,-9.1,19.1,35.6,2,3.44,5574.39,34377.26,0.57,0.5
2023-02-07,-2.0,-7.2,-3.8,-6.5,-12.2,16.1,31.0,48,6.75,22741.51,34575.71,0.63,1.8
2023-02-08,-5.2,-9.9,-7.9,-9.7,-14.6,11.5,23.8,9,7.72,30851.48,34776.82,0.46,0.0
2023-02-09,-0.6,-11.2,-6.0,-5.4,-16.0,13.0,24.5,274,7.37,28240.71,34980.91,0.65,0.0
2023-02-10,1.5,-7.1,-3.4,-4.3,-12.5,19.1,35.6,246,8.98,32400.0,35187.74,1.08,0.0
2023-02-11,2.2,-1.8,0.2,-3.3,-6.7,25.1,45.7,251,3.24,0.0,35397.05,0.63,1.2
2023-02-12,1.4,-3.5,-0.8,-4.0,-9.3,29.7,51.8,322,8.97,34718.01,35608.6,0.93,1.4
2023-02-13,2.2,-4.8,-0.8,-2.2,-9.5,24.4,46.4,282,1.89,1299.53,35822.18,0.36,0.4
2023-02-14,4.2,-0.2,2.2,-2.4,-5.5,29.9,55.4,324,5.06,15927.35,36037.57,0.76,1.0
2023-02-15,3.0,-2.3,-0.2,-2.7,-7.7,23.2,42.5,339,9.44,32400.0,36254.53,1.14,0.0
2023-02-16,4.3,-1.0,0.8,0.5,-5.3,12.3,22.0,191,5.72,10391.14,36472.87,0.79,0.5
2023-02-17,2.5,-2.0,0.5,-0.1,-5.6,15.9,27.0,187,2.61,0.0,36692.36,0.35,0.4
2023-02-18,6.6,0.2,3.6,1.1,-4.4,33.2,63.0,255,7.1,21249.71,36912.82,1.06,6.8
2023-02-19,4.2,0.4,2.3,-1.2,-4.4,23.6,42.8,278,3.79,0.0,37134.05,0.88,0.1
2023-02-20,3.5,-2.2,0.6,-2.5,-8.6,31.6,57.6,276,8.19,24829.49,37355.85,1.29,3.3
2023-02-21,5.6,0.9,3.7,0.1,-4.6,31.9,61.6,287,6.27,22862.38,37578.02,0.81,6.9
2023-02-22,1.2,-4.8,-2.0,-4.4,-9.2,22.6,40.3,340,4.14,0.0,37800.41,0.67,0.3
2023-02-23,-1.2,-7.8,-4.9,-5.3,-11.9,12.8,21.6,66,11.78,36038.86,38022.81,1.02,0.0
2023-02-24,5.2,-5.1,0.5,-0.9,-10.5,31.4,55.1,198,6.67,13612.39,38245.05,1.13,0.9
2023-02-25,10.4,1.1,4.9,5.6,-3.5,25.3,47.5,201,8.35,28102.56,38466.97,1.01,3.2
2023-02-26,4.2,0.1,2.0,0.3,-4.2,18.8,34.9,255,5.28,2788.29,38688.37,0.69,0.0
2023-02-27,1.0,-1.8,-0.3,-2.7,-6.5,16.6,32.0,1,6.07,12944.9,38909.29,0.81,0.2
2023-02-28,1.6,-3.0,-1.5,-3.4,-8.1,16.8,30.2,310,8.78,31403.07,39131.48,0.94,0.0
2023-03-01,3.8,-3.4,-0.3,-2.1,-9.0,22.6,43.6,294,4.09,3600.0,39355.29,0.8,0.3
2023-03-02,5.9,-2.2,1.3,1.5,-7.0,21.3,38.5,284,9.19,31061.19,39580.54,1.1,0.0
2023-03-03,5.2,-1.2,2.0,0.1,-5.2,19.6,36.7,271,7.5,21306.26,39807.06,1.05,0.0
2023-03-04,4.6,-0.9,0.9,-2.5,-6.3,30.6,57.6,260,7.67,13454.48,40034.7,1.08,0.0
2023-03-05,2.4,-4.2,-0.8,-3.9,-10.5,27.2,50.8,277,11.22,27269.09,40263.28,1.53,0.5
2023-03-06,2.7,-3.7,-0.9,-2.7,-8.2,18.2,36.4,257,12.06,34757.4,40492.66,1.28,1.0
2023-03-07,5.6,-2.7,1.0,1.0,-6.6,18.1,36.4,217,5.59,12406.94,40722.67,0.8,1.6
2023-03-08,9.6,-2.7,3.1,4.3,-6.4,27.3,48.2,215,8.09,24328.16,40953.16,1.13,0.3
2023-03-09,13.1,-0.9,6.1,10.5,-4.4,24.2,44.3,196,7.56,12748.86,41183.98,1.23,7.9
2023-03-10,6.9,-0.4,2.8,2.7,-4.7,21.9,38.5,76,9.55,25568.6,41414.98,1.09,0.3
2023-03-11,8.4,3.2,5.9,5.5,-1.3,22.0,39.6,146,4.44,3600.0,41646.02,0.59,6.5
2023-03-12,7.3,-0.9,1.9,3.1,-8.2,35.8,65.9,288,8.47,15961.25,41876.92,1.18,5.6
2023-03-13,7.3,-3.7,2.2,2.2,-7.9,25.3,49.3,223,11.88,26708.42,42107.57,1.82,0.0
2023-03-14,11.6,2.7,6.9,5.6,-3.1,29.1,53.3,180,14.4,39322.14,42337.81,3.06,0.0
2023-03-15,11.6,1.9,6.0,7.6,-3.0,25.9,45.7,154,14.48,39420.5,42567.49,2.06,0.0
2023-03-16,6.3,1.9,4.3,4.0,-3.2,21.1,38.5,322,3.15,0.0,42796.46,0.52,0.2
2023-03-17,4.0,1.3,2.5,-0.2,-3.7,23.1,41.8,353,3.87,0.0,43024.59,0.64,1.0
2023-03-18,7.3,0.0,3.4,3.8,-3.6,13.6,27.7,60,8.72,15280.15,43251.72,1.16,0.0
2023-03-19,8.5,-2.9,2.7,6.1,-6.7,9.3,17.6,84,16.07,42646.38,43477.87,1.79,0.0
2023-03-20,10.9,-1.8,4.2,7.6,-5.1,9.0,21.2,200,14.83,37233.49,43704.64,1.85,0.0
2023-03-21,14.9,0.9,7.1,12.5,-2.5,13.9,23.8,251,15.05,38171.07,43932.37,2.09,0.0
2023-03-22,12.6,3.4,7.4,10.4,0.7,11.3,23.8,348,12.41,41736.49,44160.92,1.59,0.1
2023-03-23,15.6,3.2,9.5,13.5,-0.0,16.6,31.0,187,8.83,11491.74,44390.15,1.63,0.0
2023-03-24,18.2,8.9,12.9,15.8,4.9,17.7,32.8,236,12.09,28800.0,44619.94,2.54,0.0
2023-03-25,16.5,11.4,13.3,15.0,8.7,18.3,31.7,197,7.59,14611.95,44850.15,2.01,6.1
2023-03-26,13.1,5.9,10.2,9.8,2.8,19.0,34.6,268,9.79,21785.63,45080.64,1.48,1.4
2023-03-27,13.9,3.5,8.8,10.6,0.1,15.9,28.4,207,14.96,36810.77,45311.29,2.39,0.3
2023-03-28,9.8,-1.2,6.0,5.9,-9.4,38.1,69.1,197,2.08,0.0,45541.95,0.74,24.1
2023-03-29,1.4,-1.9,-0.5,-5.4,-9.2,38.4,68.0,301,6.49,649.13,45772.5,1.09,1.3
2023-03-30,7.0,-4.1,1.0,2.3,-8.8,17.3,34.9,313,19.4,43200.0,46002.79,1.95,0.0
2023-03-31,7.0,2.3,4.9,3.4,-1.0,11.5,22.7,191,4.51,0.0,46232.69,0.99,1.6
2023-04-01,14.4,4.1,8.9,10.4,0.8,23.3,42.5,185,12.94,28442.45,46462.05,1.92,3.2
2023-04-02,9.7,6.9,8.3,7.1,4.4,15.9,31.3,130,3.76,0.0,46690.75,0.59,8.9
2023-04-03,7.9,3.0,6.0,4.9,-0.9,21.3,38.9,10,3.39,0.0,46918.62,0.55,5.3
2023-04-04,6.6,1.3,3.6,2.9,-2.9,16.9,31.3,348,6.89,1022.76,47145.53,0.96,1.3
2023-04-05,7.0,2.7,4.7,3.5,-1.8,24.0,42.8,355,4.03,0.0,47371.32,0.46,9.4
2023-04-06,12.4,7.8,9.8,10.2,4.3,22.5,42.5,81,5.24,10397.15,47595.85,1.01,5.6
2023-04-07,11.2,4.8,7.8,8.8,1.6,13.9,23.8,150,14.29,30409.81,47818.96,1.98,0.0
2023-04-08,15.6,6.9,10.1,13.1,4.0,14.4,32.8,47,14.34,31460.87,48040.64,2.12,1.3
2023-04-09,15.8,4.6,9.6,14.0,2.3,20.3,37.1,66,16.35,30136.89,48262.44,2.29,7.8
2023-04-10,13.1,7.8,9.8,10.3,4.9,18.1,37.1,89,9.9,15996.41,48484.68,1.44,7.2
2023-04-11,15.9,4.7,10.4,12.1,1.4,20.9,40.3,66,16.9,32321.31,48707.2,3.03,0.1
2023-04-12,10.4,8.2,9.3,7.6,5.2,18.9,33.8,71,3.29,0.0,48929.89,0.77,20.8
2023-04-13,12.1,6.6,9.7,10.0,4.7,11.9,24.5,28,6.82,7200.0,49152.6,1.1,0.8
2023-04-14,9.5,6.8,8.2,6.7,3.4,18.2,34.2,54,4.59,2517.36,49375.18,0.91,0.7
2023-04-15,9.7,4.9,7.1,4.4,0.5,26.6,49.0,113,8.22,1478.0,49597.5,1.46,7.7
2023-04-16,9.5,6.6,8.0,6.2,3.1,16.9,31.7,117,5.76,0.0,49819.41,0.94,0.7
2023-04-17,14.0,6.8,10.0,10.7,4.0,15.9,32.0,84,18.66,39084.04,50040.75,2.97,0.0
2023-04-18,12.1,6.2,8.8,8.2,2.9,16.4,28.8,64,7.26,1149.55,50261.37,1.71,0.3
2023-04-19,15.6,4.9,10.6,12.8,1.8,20.3,37.8,69,15.89,32332.47,50481.11,2.68,0.1
2023-04-20,10.8,6.5,8.9,6.6,2.9,22.8,40.3,33,2.77,0.0,50699.81,1.34,3.9
2023-04-21,12.1,5.3,9.2,10.6,3.0,26.5,50.8,35,13.64,18574.89,50917.3,2.02,0.6
2023-04-22,16.5,5.8,11.1,13.2,2.5,15.2,30.6,348,21.27,50264.73,51133.42,3.42,0.0
2023-04-23,17.3,8.3,12.6,15.4,5.9,10.4,17.3,80,19.52,44165.42,51347.97,3.25,0.1
2023-04-24,17.8,4.9,11.8,15.3,1.8,15.8,33.5,160,21.8,50400.0,51560.79,3.63,1.0
2023-04-25,18.1,6.2,12.5,15.7,3.9,14.5,31.7,150,22.72,50400.0,51771.68,3.77,0.0
2023-04-26,15.4,7.8,11.4,13.7,5.5,18.4,36.0,165,11.34,23368.81,51980.46,1.88,1.8
2023-04-27,10.6,6.4,7.8,10.3,2.7,22.0,41.4,318,4.2,0.0,52186.93,0.91,6.5
2023-04-28,12.6,5.3,8.7,7.3,1.0,25.5,48.2,335,19.84,50400.0,52391.05,3.23,0.0
2023-04-29,14.1,3.4,8.7,10.8,0.1,17.2,34.6,11,25.32,50400.0,52594.3,3.58,0.0
2023-04-30,12.7,4.9,9.1,7.7,1.5,22.7,42.5,7,14.51,27186.06,52796.98,2.61,0.0
2023-05-01,14.8,5.3,9.9,10.6,2.7,26.6,51.1,343,24.19,47735.35,52998.94,3.61,0.0
2023-05-02,17.8,3.0,11.0,15.0,-0.6,15.9,31.0,146,25.5,50400.0,53200.02,4.22,0.0
2023-05-03,22.1,9.4,15.0,19.0,5.7,21.1,40.3,214,22.4,45211.38,53400.03,4.44,0.0
2023-05-04,18.6,9.1,13.1,18.2,7.4,19.1,36.0,21,17.77,32330.51,53598.82,3.04,0.3
2023-05-05,15.6,8.9,11.1,13.2,5.6,14.3,30.6,15,17.06,32424.24,53796.22,2.95,0.0
2023-05-06,12.9,4.8,8.6,9.5,1.0,17.5,36.0,33,26.76,50400.0,53992.03,3.69,0.0
2023-05-07,11.1,5.2,7.9,6.3,0.5,16.6,31.0,74,9.33,1692.6,54186.08,2.54,0.1
2023-05-08,12.5,6.9,9.1,7.3,2.5,20.8,40.7,56,14.96,17901.72,54378.17,3.16,0.1
2023-05-09,13.1,4.3,9.1,8.6,0.6,17.7,35.6,45,16.34,26872.49,54568.12,3.09,0.0
2023-05-10,13.7,4.3,9.4,10.3,1.1,13.4,27.0,39,16.44,30871.53,54755.7,2.97,0.2
2023-05-11,16.0,4.3,11.0,12.6,0.9,11.7,25.9,14,19.89,44198.32,54940.74,3.56,0.0
2023-05-12,19.5,5.2,13.1,17.9,2.3,9.7,25.9,11,25.09,51262.16,55123.0,4.11,0.1
2023-05-13,21.8,8.1,15.9,19.9,5.7,10.3,25.2,63,25.1,51223.54,55302.27,4.51,0.0
2023-05-14,24.1,10.8,18.1,22.8,8.4,12.0,23.4,329,25.86,50400.0,55478.33,5.23,0.0
2023-05-15,25.2,10.6,18.7,22.0,8.6,16.1,32.8,145,23.62,48951.84,55650.95,5.32,0.0
2023-05-16,21.1,14.5,16.8,18.7,11.8,21.4,41.8,153,12.82,18573.51,55819.89,3.67,0.2
2023-05-17,25.0,12.9,19.4,23.3,10.9,19.4,37.1,145,20.36,39129.78,55984.93,5.15,0.0
2023-05-18,26.2,13.6,20.3,24.3,12.4,13.7,28.8,128,26.38,52418.21,56145.95,5.71,0.0
2023-05-19,21.8,15.5,18.9,19.5,14.1,21.8,42.1,20,16.01,28650.37,56304.21,3.83,0.0
2023-05-20,22.4,13.6,17.9,19.6,11.6,22.1,42.8,29,27.48,53122.6,56459.96,5.59,0.0
2023-05-21,20.0,9.9,15.4,16.4,6.8,19.6,40.3,35,26.72,53881.74,56613.02,5.3,0.0
2023-05-22,23.5,10.5,17.3,20.5,7.7,17.8,35.3,31,26.08,52983.97,56763.23,5.64,0.0
2023-05-23,23.5,12.3,18.6,23.0,10.6,16.7,36.0,17,21.88,50597.07,56910.41,4.61,1.7
2023-05-24,24.2,13.1,19.2,24.6,12.7,12.3,29.2,32,20.82,52412.43,57054.41,4.0,0.2
2023-05-25,25.7,14.4,20.8,25.1,14.3,13.6,30.2,15,25.59,54516.33,57195.03,5.2,0.0
2023-05-26,26.2,15.2,21.7,25.1,15.1,15.5,33.1,14,26.72,54468.39,57332.1,5.69,0.0
2023-05-27,23.0,16.1,19.6,20.9,15.3,22.3,43.6,354,20.77,54184.08,57465.45,4.41,9.5
2023-05-28,20.4,12.6,16.6,18.2,9.3,19.5,35.6,16,29.01,56645.25,57594.87,5.64,0.0
2023-05-29,22.0,9.3,16.3,21.1,7.0,11.0,24.8,48,29.07,56675.01,57720.18,5.29,0.0
2023-05-30,24.0,11.1,18.4,22.8,9.1,15.2,31.0,11,29.12,56702.94,57841.21,5.78,0.0
2023-05-31,21.6,13.6,17.7,19.1,11.6,19.4,40.0,3,27.71,57160.46,57957.76,5.41,0.0
2023-06-01,26.0,10.6,19.3,24.9,8.0,11.3,28.1,235,28.84,57107.36,58069.63,5.97,0.0
2023-06-02,28.8,14.4,21.0,26.6,12.1,26.9,53.6,238,25.44,46800.0,58176.62,6.0,0.8
2023-06-03,18.8,9.8,14.6,16.4,5.1,25.4,49.7,338,28.05,47356.98,58278.56,5.17,0.7
2023-06-04,20.7,8.6,15.0,18.3,5.7,10.6,25.9,80,27.89,57397.82,58375.24,4.89,0.0
2023-06-05,23.1,9.2,17.6,21.3,7.1,10.3,23.0,235,21.57,40863.48,58466.46,4.57,0.0
2023-06-06,25.6,13.4,20.2,25.2,11.9,9.0,19.1,174,21.98,49259.18,58552.04,4.49,0.0
2023-06-07,25.0,14.4,20.0,23.7,13.1,10.8,22.3,242,18.53,38463.21,58631.84,4.13,0.0
2023-06-08,23.5,16.1,19.2,22.8,16.2,11.8,23.4,81,13.48,22283.19,58706.51,3.05,0.9
2023-06-09,26.9,14.8,21.6,27.2,14.8,12.0,27.0,103,25.54,57600.0,58776.16,5.43,0.0
2023-06-10,25.2,16.4,20.7,24.8,16.3,19.7,40.3,41,22.38,54450.38,58840.75,4.79,2.5
2023-06-11,17.4,11.4,13.8,16.3,8.0,26.3,50.0,38,11.23,8090.5,58900.18,2.0,8.3
2023-06-12,20.0,11.1,14.9,17.8,8.4,18.5,37.1,48,15.74,21600.0,58954.4,3.47,1.1
2023-06-13,18.8,12.9,15.5,16.8,10.5,15.1,29.5,53,13.62,9575.94,59003.38,2.99,0.1
2023-06-14,23.7,12.5,18.2,23.3,11.5,14.1,29.5,24,21.93,38874.48,59047.03,4.18,0.2
2023-06-15,25.5,15.9,20.8,26.4,16.3,14.0,29.9,23,23.94,48553.03,59085.31,4.72,0.3
2023-06-16,27.6,15.5,22.3,27.6,15.9,13.7,28.8,66,26.74,50210.43,59118.17,5.7,0.0
2023-06-17,27.9,14.6,22.6,26.9,14.0,13.4,28.1,75,23.12,50807.25,59145.55,5.43,0.0
2023-06-18,29.0,18.0,23.8,28.9,17.6,10.2,23.0,85,18.01,35956.8,59167.43,4.78,0.0
2023-06-19,29.0,18.0,23.8,28.0,17.3,12.0,27.7,149,25.35,57600.0,59183.77,5.94,0.0
2023-06-20,28.0,16.6,22.0,29.5,17.2,15.4,53.3,308,21.75,36905.85,59194.52,4.6,0.9
2023-06-21,26.2,15.9,21.5,27.2,17.1,12.2,27.7,4,25.7,54701.26,59199.65,4.95,1.1
2023-06-22,29.4,18.5,24.1,30.4,18.8,10.0,18.0,218,26.61,57557.9,59199.14,5.56,0.0
2023-06-23,30.1,20.0,25.3,31.6,20.0,15.1,36.0,264,24.08,53947.52,59192.97,5.81,1.0
2023-06-24,27.4,19.9,23.2,29.7,22.2,15.8,33.8,335,20.01,42430.54,59181.12,4.03,10.4
2023-06-25,22.5,18.4,20.1,24.4,19.5,11.8,25.2,321,14.38,24092.5,59163.56,2.69,13.6
2023-06-26,20.7,15.6,18.1,20.0,15.1,24.7,46.8,339,22.2,54282.55,59140.3,3.72,3.1
2023-06-27,22.2,12.6,17.7,20.8,11.7,15.1,31.7,325,20.61,45917.19,59111.29,3.84,0.8
2023-06-28,21.5,15.3,18.3,18.6,13.2,25.0,48.6,267,24.94,46800.0,59076.2,4.92,1.7
2023-06-29,20.1,14.1,16.9,18.4,11.8,24.1,44.6,281,16.8,35082.17,59035.07,3.35,4.9
2023-06-30,23.5,15.1,19.3,23.0,13.8,26.2,53.3,298,21.9,56526.46,58988.01,4.15,5.5
2023-07-01,26.6,15.9,21.6,25.7,16.0,16.2,29.9,271,22.91,48943.52,58935.18,4.96,0.0
2023-07-02,29.0,17.3,23.3,29.0,18.7,18.9,41.0,239,24.74,57600.0,58876.7,5.37,2.1
2023-07-03,26.3,18.5,22.6,27.4,19.6,12.7,28.4,324,24.6,56953.11,58812.69,5.04,0.7
2023-07-04,29.0,16.6,23.6,29.9,16.3,15.1,29.5,107,25.17,57600.0,58743.33,5.64,0.0
2023-07-05,29.2,18.8,23.4,30.7,18.9,13.8,25.9,122,19.26,32329.69,58668.73,4.47,0.0
2023-07-06,31.2,18.5,24.7,33.2,20.2,10.6,25.9,94,22.94,44730.48,58589.07,4.96,4.8
2023-07-07,25.2,19.2,21.6,27.3,20.6,21.3,40.3,350,15.61,23929.92,58504.44,3.04,23.8
2023-07-08,23.0,18.1,19.5,20.0,16.8,28.8,52.9,356,8.99,3729.03,58415.04,2.67,5.4
2023-07-09,24.5,16.2,20.5,22.0,14.1,26.4,50.0,341,25.59,52339.33,58320.98,5.77,0.0
2023-07-10,23.4,15.3,19.4,21.6,14.0,21.9,43.2,321,23.51,54055.38,58222.45,4.94,0.5
2023-07-11,22.4,14.0,18.1,21.8,13.5,16.3,33.5,333,24.29,56229.75,58119.56,4.53,0.7
2023-07-12,23.0,12.9,18.6,20.8,11.6,14.5,29.5,304,22.11,51211.66,58012.47,4.57,0.0
2023-07-13,29.5,15.9,23.1,29.9,15.6,22.0,45.4,227,20.55,43975.24,57901.33,4.84,0.0
2023-07-14,25.8,18.1,21.9,24.5,18.7,24.7,45.7,332,19.49,37836.45,57786.28,4.27,3.9
2023-07-15,26.1,15.7,21.2,24.7,14.9,17.0,33.8,315,25.33,53572.96,57667.46,5.43,0.0
2023-07-16,28.6,14.4,22.9,27.5,14.3,12.0,25.6,329,24.39,52658.5,57545.03,5.29,0.0
2023-07-17,31.9,18.0,24.8,34.0,17.6,9.9,22.0,164,24.97,51920.73,57418.99,5.32,1.2
2023-07-18,26.8,18.8,22.7,27.9,17.9,24.4,49.0,288,17.67,32928.24,57288.27,4.13,16.2
2023-07-19,24.9,14.3,20.0,23.2,13.8,17.9,35.6,299,23.17,54123.31,57152.76,4.77,0.0
2023-07-20,27.8,14.3,20.9,28.2,13.7,19.1,34.6,161,22.91,41100.58,57012.68,4.92,1.8
2023-07-21,23.6,15.1,19.2,22.4,14.3,16.9,33.8,300,22.31,48083.53,56868.27,4.34,0.9
2023-07-22,18.1,14.9,17.0,19.9,14.4,20.4,37.1,126,3.24,0.0,56719.78,0.9,29.2
2023-07-23,23.0,14.4,18.7,22.4,14.3,15.6,34.6,304,22.49,52264.76,56567.41,4.08,0.4
2023-07-24,27.6,13.9,21.4,26.7,13.4,18.4,37.1,217,24.29,45773.3,56411.41,5.47,0.0
2023-07-25,30.9,19.2,24.7,30.5,18.5,20.5,41.4,196,22.49,47701.62,56251.98,5.56,0.1
2023-07-26,26.2,19.9,23.3,27.5,20.9,24.9,43.6,231,20.67,41237.49,56089.34,4.71,16.2
2023-07-27,24.0,17.1,20.0,24.4,14.5,25.6,46.4,269,13.12,19247.58,55923.7,2.81,6.3
2023-07-28,23.4,15.2,18.8,20.7,12.7,24.2,45.7,313,23.21,49331.52,55755.27,4.76,0.0
2023-07-29,25.0,16.2,20.4,25.0,16.0,16.1,34.6,282,23.27,51604.74,55584.25,4.47,0.5
2023-07-30,26.4,14.4,20.3,28.2,15.1,13.0,31.3,194,19.61,43200.0,55410.83,3.65,7.4
2023-07-31,24.7,17.0,20.6,27.2,18.4,9.7,22.0,285,15.57,25873.72,55235.2,2.97,2.3
2023-08-01,26.5,17.1,21.9,28.7,18.5,8.9,19.1,156,23.43,48737.51,55057.57,4.48,0.2
2023-08-02,27.8,17.5,21.7,28.7,18.7,22.5,48.2,166,19.71,41494.95,54878.09,3.82,9.1
2023-08-03,26.9,16.8,21.7,28.0,18.1,11.2,23.8,252,21.34,38708.91,54696.96,4.26,0.0
2023-08-04,31.1,19.0,25.2,33.1,19.2,13.7,29.5,187,23.62,47588.34,54514.34,5.31,0.3
2023-08-05,31.5,21.2,26.6,32.9,22.8,20.9,40.3,139,24.51,50400.0,54330.4,6.11,0.0
2023-08-06,33.8,22.0,28.0,33.3,22.5,31.5,60.1,119,24.42,50400.0,54145.16,7.66,0.0
2023-08-07,28.0,18.1,23.0,26.8,17.7,27.1,52.9,189,15.49,34159.6,53957.18,4.26,5.6
2023-08-08,22.2,14.0,18.6,21.0,13.9,12.6,27.7,259,18.35,37254.8,53766.26,3.67,0.3
2023-08-09,23.8,13.2,18.9,22.7,12.8,9.7,24.1,286,21.36,50400.0,53572.61,4.18,0.0
2023-08-10,24.3,13.4,19.4,22.7,12.3,15.2,27.4,66,20.53,42475.63,53376.44,4.43,0.0
2023-08-11,25.0,16.4,20.9,23.7,16.3,19.8,39.2,346,21.09,47977.32,53177.95,4.73,0.1
2023-08-12,24.0,15.4,20.0,21.5,13.9,24.5,48.2,308,19.91,50341.39,52977.35,4.43,0.1
2023-08-13,26.7,14.9,20.6,25.3,13.6,16.5,33.8,272,22.04,50400.0,52774.82,4.81,0.0
2023-08-14,30.5,14.9,23.1,31.5,14.7,8.9,21.2,246,23.28,50400.0,52570.56,4.78,0.0
2023-08-15,31.7,17.8,25.3,34.2,18.4,8.9,17.6,150,22.52,50400.0,52364.75,4.85,0.2
2023-08-16,30.4,19.5,25.0,30.8,21.6,14.8,31.3,63,22.49,50400.0,52157.57,5.19,0.0
2023-08-17,28.2,17.3,23.3,28.2,18.7,15.0,31.7,61,22.89,50400.0,51949.18,5.03,0.0
2023-08-18,30.0,16.9,24.0,29.5,17.7,15.6,32.0,68,20.77,49287.52,51739.76,4.98,0.0
2023-08-19,31.6,18.2,25.5,32.6,19.5,13.0,27.4,71,21.09,50400.0,51529.48,4.73,0.0
2023-08-20,31.3,20.2,25.9,34.4,21.7,9.1,18.4,353,20.9,50400.0,51318.49,4.5,0.0
2023-08-21,29.0,20.1,24.4,30.5,21.8,14.3,32.4,324,19.35,50360.2,51106.95,4.22,0.5
2023-08-22,26.3,19.5,22.8,23.8,18.3,27.2,51.5,308,20.74,49720.45,50895.01,5.19,0.0
2023-08-23,25.3,14.8,20.4,23.9,14.1,14.3,28.8,312,17.57,42545.16,50682.82,4.02,0.0
2023-08-24,25.9,13.1,20.5,24.4,13.0,11.5,25.2,305,18.51,47815.56,50470.52,4.01,0.0
2023-08-25,26.4,15.0,20.8,25.9,14.6,12.4,27.0,299,17.5,45000.27,50258.25,3.76,0.3
2023-08-26,29.9,18.6,24.2,30.4,18.8,10.3,22.7,183,14.24,34733.22,50046.01,3.58,0.0
2023-08-27,31.8,20.0,25.2,34.4,22.0,13.0,32.0,298,18.46,46552.23,49832.32,4.02,0.3
2023-08-28,33.0,20.8,26.3,35.9,23.8,9.0,23.0,211,18.52,45485.28,49616.91,4.15,0.0
2023-08-29,34.0,21.0,27.3,35.9,23.9,16.8,33.5,91,19.31,47069.95,49399.96,4.9,0.0
2023-08-30,31.9,22.3,26.8,31.8,23.3,23.1,45.0,147,18.0,45327.64,49181.63,5.48,1.6
2023-08-31,28.8,18.9,23.7,28.0,17.4,14.5,31.0,172,19.2,44061.16,48962.06,5.01,1.4
2023-09-01,24.7,17.6,20.3,24.0,17.4,18.4,35.3,323,14.64,37087.87,48741.4,3.04,1.2
2023-09-02,24.5,12.8,19.2,23.3,12.1,9.4,22.3,303,17.12,38183.73,48519.81,3.44,0.0
2023-09-03,23.4,17.4,19.5,22.7,16.1,12.0,25.9,80,13.32,38742.77,48297.43,2.94,2.4
2023-09-04,22.6,16.0,19.1,20.0,15.2,19.6,36.7,16,11.26,18828.32,48074.39,3.14,0.0
2023-09-05,23.0,14.3,18.5,20.1,12.7,19.5,37.8,7,20.15,44486.45,47850.84,4.31,0.0
2023-09-06,24.5,11.9,18.5,22.9,11.0,16.1,30.2,311,14.45,30815.12,47626.92,3.23,0.0
2023-09-07,22.4,14.6,18.1,19.5,13.0,15.4,32.4,13,19.75,43639.24,47402.74,3.8,0.0
2023-09-08,22.4,10.4,16.4,20.0,9.3,14.0,29.2,329,19.19,43719.63,47178.46,3.65,0.0
2023-09-09,20.5,12.1,16.0,17.7,10.2,16.1,34.2,24,18.68,43363.9,46954.18,3.5,0.0
2023-09-10,20.8,9.9,14.9,19.2,7.9,10.6,17.6,94,19.05,43408.03,46730.05,3.21,0.0
2023-09-11,21.4,8.9,15.6,20.1,6.6,10.2,18.7,172,12.75,32224.77,46506.19,2.39,0.1
2023-09-12,24.9,10.2,17.4,24.0,8.6,10.0,17.6,130,18.39,43200.0,46282.71,3.42,0.0
2023-09-13,26.4,12.1,19.2,24.5,11.2,15.3,26.3,130,17.91,43200.0,46059.76,4.07,0.0
2023-09-14,27.2,14.9,19.4,27.8,14.1,14.2,28.4,154,16.16,36410.12,45837.43,3.23,9.2
2023-09-15,19.5,16.7,18.0,20.0,16.5,20.4,37.4,335,6.69,2069.75,45615.71,1.48,3.1
2023-09-16,20.6,14.1,17.2,20.2,14.6,8.5,19.8,59,15.67,38675.93,45393.14,2.68,0.0
2023-09-17,22.9,13.1,17.4,21.2,12.8,11.5,24.5,136,15.14,43200.0,45169.41,2.98,0.0
2023-09-18,24.8,11.7,17.8,23.0,10.3,12.3,26.3,185,17.31,43200.0,44944.67,3.53,0.0
2023-09-19,24.3,13.1,18.3,20.8,10.9,22.3,42.8,173,17.16,43128.7,44719.06,4.18,0.0
2023-09-20,22.8,16.2,19.1,21.8,14.8,20.8,38.9,195,10.18,28115.81,44492.71,2.68,1.3
2023-09-21,23.0,13.1,18.2,23.5,12.7,11.5,24.5,58,10.62,35793.73,44265.75,2.0,4.0
2023-09-22,25.2,13.9,19.0,22.9,12.5,20.2,38.9,137,15.81,42723.35,44038.31,3.89,0.0
2023-09-23,25.9,15.0,20.1,24.4,13.6,18.6,36.7,147,15.42,42587.72,43810.52,3.72,0.0
2023-09-24,26.8,15.1,20.2,26.3,14.6,11.3,25.2,142,15.42,42452.04,43582.53,3.25,0.0
2023-09-25,25.8,13.2,19.5,25.5,12.5,12.7,22.7,39,15.18,42219.41,43354.45,3.1,0.0
2023-09-26,23.6,14.8,18.5,23.8,15.2,12.0,23.8,37,13.63,33350.53,43126.41,2.5,0.0
2023-09-27,22.1,11.8,16.3,21.7,11.2,9.2,20.9,32,15.34,41996.74,42898.54,2.64,0.0
2023-09-28,24.9,10.7,17.0,23.8,9.4,10.4,21.2,56,14.98,41341.91,42670.98,2.84,0.0
2023-09-29,24.5,12.1,17.6,23.4,10.9,11.5,19.1,103,14.87,41048.52,42443.85,2.84,0.0
2023-09-30,25.2,10.9,18.0,23.4,9.6,11.1,24.5,200,14.41,40675.04,42217.29,2.9,0.0
2023-10-01,18.5,12.5,15.2,16.1,10.8,18.5,36.0,310,9.35,29141.74,41991.42,1.97,0.9
2023-10-02,17.2,9.9,13.1,13.8,7.9,20.7,39.2,323,11.77,39533.52,41766.38,2.11,0.2
2023-10-03,19.1,6.5,12.7,17.4,4.5,13.6,24.8,230,10.73,35412.58,41542.31,2.02,0.0
2023-10-04,19.9,11.4,14.8,17.7,8.1,19.5,36.4,245,8.65,26303.74,41319.34,2.33,0.0
2023-10-05,16.8,9.1,13.0,14.0,6.5,15.6,31.3,253,11.34,39051.26,41097.45,2.17,0.0
2023-10-06,15.4,8.4,12.6,10.3,5.7,28.2,51.8,291,11.93,32564.94,40875.05,2.72,0.0
2023-10-07,17.3,7.1,11.9,13.0,3.3,31.1,56.2,250,2.61,349.0,40651.82,1.5,6.8
2023-10-08,14.1,6.5,9.9,11.5,0.3,29.7,59.0,298,9.26,24161.2,40427.91,2.6,2.0
2023-10-09,10.9,4.7,6.9,4.5,-1.3,31.8,57.6,302,10.27,26850.31,40203.48,2.32,0.0
2023-10-10,9.9,2.1,5.7,4.4,-2.2,22.9,42.8,295,10.4,35256.61,39978.67,1.65,0.5
2023-10-11,12.5,-0.7,6.6,7.3,-3.9,22.4,38.9,202,11.55,37357.11,39753.64,2.21,0.0
2023-10-12,20.2,9.9,14.7,16.2,5.0,24.6,45.4,218,10.56,30249.65,39528.53,3.47,0.0
2023-10-13,17.2,8.1,13.5,15.6,6.1,16.4,31.0,285,10.04,28800.0,39303.51,1.71,1.7
2023-10-14,21.6,8.9,15.0,19.2,6.3,21.4,40.3,194,10.91,37147.16,39078.73,2.5,0.0
2023-10-15,16.4,9.3,13.3,14.9,6.1,20.0,35.3,268,3.93,12001.46,38854.36,1.07,4.1
2023-10-16,9.7,5.9,7.6,6.3,1.3,28.6,53.6,300,7.28,20396.43,38630.54,1.29,11.1
2023-10-17,9.4,3.6,6.2,4.6,-0.3,21.8,40.3,281,10.52,36419.33,38407.46,1.51,0.4
2023-10-18,10.0,2.2,6.1,5.9,-1.9,23.3,43.2,245,6.55,11485.46,38185.28,1.32,0.0
2023-10-19,11.4,4.2,7.8,8.4,0.6,13.3,24.8,222,9.04,33481.34,37964.17,1.5,0.3
2023-10-20,14.7,7.9,11.2,14.5,4.9,12.1,19.8,170,2.8,0.0,37744.3,0.54,4.5
2023-10-21,14.9,9.1,11.9,13.6,6.1,16.2,30.6,88,6.28,22240.36,37525.86,0.88,0.9
2023-10-22,18.7,7.9,12.7,17.2,5.0,17.9,33.8,142,9.67,32400.0,37309.04,1.42,0.1
2023-10-23,16.3,11.2,14.1,13.6,8.6,33.5,59.4,268,7.91,34510.5,37094.02,1.89,0.0
2023-10-24,14.2,7.1,9.9,11.6,4.5,13.8,27.0,292,9.51,34189.98,36880.99,1.31,0.0
2023-10-25,11.2,6.9,9.4,10.3,4.3,22.4,40.0,124,1.16,0.0,36669.96,0.34,21.3
2023-10-26,15.2,10.9,12.5,13.5,9.0,18.2,33.8,241,5.14,10305.56,36459.17,0.92,6.6
2023-10-27,16.4,10.0,13.0,15.7,8.2,14.8,30.2,209,6.99,26154.86,36248.27,1.09,8.0
2023-10-28,14.4,9.6,11.8,12.0,3.6,47.1,90.7,258,4.21,11093.59,36037.44,1.25,6.5
2023-10-29,12.2,7.3,9.6,11.7,5.5,15.7,31.7,279,4.49,12514.58,35826.88,0.77,0.3
2023-10-30,18.8,8.4,13.1,16.9,5.9,16.7,31.0,203,7.09,32607.39,35616.76,1.74,0.0
2023-10-31,19.0,9.9,14.3,17.2,7.6,21.0,36.7,182,8.23,29461.41,35407.3,1.92,0.0
2023-11-01,14.6,9.6,12.5,13.3,7.0,19.5,35.6,232,2.58,7523.02,35198.69,0.58,2.2
2023-11-02,13.0,5.7,8.7,11.2,2.9,14.8,25.9,258,5.63,24312.27,34991.13,0.79,0.0
2023-11-03,11.9,4.9,7.8,7.8,1.7,22.7,41.8,138,8.13,32436.81,34784.84,1.11,0.0
2023-11-04,16.1,10.1,12.6,13.2,6.3,32.2,56.2,142,1.77,0.0,34580.04,0.43,15.3
2023-11-05,16.2,8.1,11.7,14.4,5.6,37.6,70.2,191,7.64,32353.65,34376.94,1.1,23.7
2023-11-06,13.9,9.1,11.2,9.4,5.1,28.1,51.8,245,6.76,30877.52,34175.78,1.38,1.8
2023-11-07,13.6,7.5,9.8,10.8,3.8,18.3,33.1,246,7.55,32146.75,33976.78,1.44,0.0
2023-11-08,8.3,5.0,7.1,6.8,2.4,14.5,25.2,308,0.85,0.0,33780.2,0.23,9.9
2023-11-09,8.4,3.4,5.8,4.7,0.7,21.5,39.6,290,4.12,14786.12,33586.26,0.47,0.0
2023-11-10,11.1,2.0,6.2,6.8,-1.2,21.9,40.0,174,6.96,31839.38,33395.24,1.12,0.0
2023-11-11,8.6,7.3,7.9,7.0,2.6,23.8,42.1,137,0.77,0.0,33207.38,0.52,12.3
2023-11-12,8.6,6.2,7.6,7.9,1.6,24.3,43.2,279,0.8,0.0,33022.96,0.29,15.3
2023-11-13,7.4,3.5,5.9,2.9,-0.4,25.1,45.7,257,3.6,12382.82,32842.23,0.92,0.1
2023-11-14,7.2,1.0,4.0,3.8,-2.7,22.1,40.0,219,1.63,3600.0,32665.3,0.37,2.4
2023-11-15,10.6,5.7,7.4,8.1,2.1,17.7,33.1,251,5.71,26809.93,32490.39,0.69,0.2
2023-11-16,7.1,2.2,4.8,4.2,-2.6,23.7,42.8,288,1.27,0.0,32317.17,0.33,2.6
2023-11-17,3.0,-1.1,1.5,0.1,-4.6,18.1,33.5,347,3.61,12039.63,32145.85,0.37,0.1
2023-11-18,3.9,-0.2,1.9,-1.0,-5.5,18.6,34.9,64,3.59,12997.99,31976.64,0.71,0.0
2023-11-19,-0.4,-2.3,-1.4,-5.3,-7.3,15.7,29.5,36,2.74,289.4,31809.78,0.61,0.0
2023-11-20,0.2,-4.5,-1.9,-4.3,-8.4,14.0,28.1,3,3.93,10800.0,31645.47,0.49,0.0
2023-11-21,0.3,-5.5,-2.6,-3.1,-9.4,8.0,15.1,68,4.58,20273.16,31483.95,0.4,0.5
2023-11-22,-1.1,-5.6,-2.9,-4.9,-11.2,17.3,31.3,21,1.49,0.0,31325.46,0.39,4.5
2023-11-23,2.3,-6.4,-3.5,-4.0,-11.6,30.9,54.4,244,2.78,824.1,31170.25,0.63,3.1
2023-11-24,5.1,0.4,2.9,-0.8,-5.0,33.5,59.8,257,3.68,21406.23,31018.54,0.54,3.0
2023-11-25,2.7,-2.3,-0.6,-0.5,-6.8,19.2,36.4,237,5.4,28608.3,30870.59,0.45,0.0
2023-11-26,0.1,-4.3,-1.6,-4.3,-8.9,32.4,58.0,347,1.94,0.0,30726.66,0.33,2.2
2023-11-27,-1.7,-4.4,-2.9,-8.9,-11.7,40.5,73.8,293,2.06,0.0,30587.01,0.72,5.9
2023-11-28,1.2,-5.7,-2.2,-3.3,-11.5,20.2,46.1,197,4.6,23677.82,30451.88,0.76,0.6
2023-11-29,1.7,-3.1,-0.2,-2.2,-9.6,27.3,48.2,199,1.2,0.0,30321.57,0.23,13.2
2023-11-30,0.4,-5.1,-2.9,-5.5,-11.2,24.5,44.3,234,4.92,25959.82,30196.33,0.74,0.0
2023-12-01,1.6,-2.2,-0.8,-2.6,-7.1,15.0,27.0,216,2.6,1053.09,30076.43,0.31,4.2
2023-12-02,-0.8,-2.1,-1.6,-4.9,-5.9,16.0,29.5,84,0.85,0.0,29962.15,0.14,4.0
2023-12-03,2.0,-2.8,-0.8,-2.7,-9.2,35.0,64.8,263,2.32,1743.56,29853.76,0.28,0.9
2023-12-04,-1.6,-4.2,-2.8,-6.4,-8.4,15.9,29.9,268,2.31,4457.91,29751.41,0.26,0.2
2023-12-05,-1.8,-9.3,-3.9,-5.8,-14.1,14.7,25.6,173,3.77,20921.32,29653.93,0.28,0.5
2023-12-06,-1.2,-6.0,-2.8,-5.6,-10.6,15.8,28.1,118,2.71,2616.25,29561.08,0.23,2.2
2023-12-07,-3.5,-8.6,-6.0,-7.7,-12.9,13.9,25.6,62,1.89,0.0,29473.0,0.18,0.4
2023-12-08,-2.0,-3.2,-2.7,-6.0,-7.4,13.5,24.8,81,1.35,0.0,29389.8,0.16,3.7
2023-12-09,-3.0,-5.4,-4.1,-6.4,-9.3,7.6,14.0,37,3.29,4640.85,29311.61,0.21,0.0
2023-12-10,-1.8,-5.2,-3.6,-6.0,-8.9,11.5,20.9,114,2.19,0.0,29238.55,0.18,0.0
2023-12-11,-0.6,-2.2,-1.4,-4.8,-6.1,15.4,27.4,174,1.65,0.0,29170.75,0.18,0.4
2023-12-12,-0.4,-2.0,-1.3,-4.1,-6.2,14.9,27.0,176,1.83,0.0,29108.34,0.14,0.1
2023-12-13,1.6,-0.2,0.5,-1.6,-4.4,17.4,30.6,161,1.89,5603.71,29051.41,0.18,0.7
2023-12-14,1.2,-3.0,-0.1,-1.2,-8.7,26.7,46.4,121,0.91,0.0,29000.09,0.14,23.5
2023-12-15,0.6,-5.3,-3.2,-4.1,-10.5,18.8,34.9,302,2.4,7563.99,28954.5,0.24,0.0
2023-12-16,1.2,-4.1,-0.5,-3.2,-8.9,17.9,30.6,271,2.16,0.0,28914.75,0.2,1.9
2023-12-17,3.3,1.0,2.1,-0.7,-3.6,23.5,40.7,267,0.86,0.0,28880.92,0.16,4.8
2023-12-18,4.8,3.5,4.2,0.8,-1.0,22.1,39.6,277,0.59,0.0,28853.15,0.14,2.8
2023-12-19,5.7,3.1,4.1,1.4,-0.6,20.2,34.2,251,1.27,6003.47,28831.53,0.31,0.3
2023-12-20,6.6,3.2,4.5,2.4,-1.4,20.1,34.2,233,4.0,25249.03,28816.14,0.94,0.0
2023-12-21,4.6,0.6,2.5,0.3,-4.4,20.2,34.6,238,2.7,10656.97,28807.08,0.46,0.0
2023-12-22,2.7,0.1,1.7,-1.2,-4.6,22.0,38.9,207,0.71,0.0,28804.44,0.28,4.2
2023-12-23,1.6,-1.8,-0.3,-3.6,-7.0,21.2,40.3,249,3.49,25323.84,28808.3,0.5,0.1
2023-12-24,0.3,-2.1,-0.5,-5.3,-7.5,27.4,49.3,275,1.28,0.0,28818.74,0.69,0.7
2023-12-25,7.2,-2.8,2.5,2.4,-7.7,26.3,46.8,242,2.3,13610.1,28835.86,0.37,6.4
2023-12-26,8.9,2.2,5.2,4.5,-2.9,27.2,48.2,263,3.12,17730.19,28859.58,0.58,1.8
2023-12-27,8.1,1.3,4.7,3.7,-4.4,34.0,60.8,281,3.68,23683.16,28889.78,0.86,0.4
2023-12-28,3.2,0.1,1.6,-0.9,-5.2,20.8,39.6,252,2.99,17778.03,28926.33,0.52,0.0
2023-12-29,7.0,2.4,4.8,3.4,-1.6,18.5,33.5,247,3.51,26829.36,28969.11,0.55,0.0
2023-12-30,8.3,3.1,5.6,4.7,-1.1,24.4,43.6,245,3.49,23332.11,29018.0,0.65,0.0
2023-12-31,5.2,-2.2,3.2,0.3,-5.9,22.7,40.7,275,2.97,21402.29,29072.86,0.68,0.2
2024-01-01,4.7,-3.3,1.6,1.6,-7.1,13.4,23.8,175,1.27,4202.18,29133.55,0.21,1.1
2024-01-02,4.6,-5.8,0.3,0.7,-10.7,27.8,54.0,278,1.52,0.0,29199.93,0.38,3.4
2024-01-03,-0.9,-6.3,-4.3,-5.6,-11.2,21.0,39.2,116,1.05,0.0,29271.87,0.31,6.4
2024-01-04,4.4,-0.2,2.2,0.6,-4.7,18.2,30.6,229,1.87,3600.0,29349.22,0.22,2.9
2024-01-05,2.7,-6.6,-0.6,-1.0,-11.2,26.3,49.0,279,1.07,0.0,29431.83,0.21,2.0
2024-01-06,2.2,-6.8,-2.0,-1.7,-10.9,15.6,26.6,153,1.76,2788.48,29519.56,0.34,0.4
2024-01-07,-3.7,-11.1,-8.2,-8.9,-17.6,20.8,38.5,42,1.33,0.0,29612.27,0.36,0.1
2024-01-08,-11.4,-15.1,-13.1,-18.1,-20.9,22.1,41.0,28,2.6,459.65,29709.8,0.35,0.0
2024-01-09,-6.0,-16.1,-11.2,-11.2,-21.6,18.7,35.3,319,2.19,3418.51,29812.01,0.3,0.0
2024-01-10,-2.0,-5.8,-3.2,-7.2,-11.6,22.4,39.6,291,0.96,0.0,29918.74,0.29,0.2
2024-01-11,-0.6,-3.2,-2.0,-6.7,-9.7,29.6,52.9,284,1.19,0.0,30029.87,0.26,1.6
2024-01-12,-3.9,-9.9,-8.6,-10.5,-16.2,24.9,52.2,343,2.58,327.02,30145.23,0.5,0.1
2024-01-13,-5.6,-10.4,-7.3,-10.5,-15.4,21.3,40.0,153,2.12,0.0,30264.82,0.31,3.2
2024-01-14,-1.1,-6.9,-3.5,-6.6,-11.6,19.0,35.3,205,2.26,0.0,30389.96,0.29,1.6
2024-01-15,0.4,-2.3,-1.1,-4.5,-7.9,19.6,34.2,220,5.34,25202.02,30520.74,0.52,0.5
2024-01-16,-1.5,-6.1,-3.1,-6.3,-11.7,23.4,43.2,258,3.23,11195.48,30656.89,0.39,0.0
2024-01-17,-5.7,-9.1,-7.3,-9.8,-13.9,18.1,31.3,223,5.89,28800.0,30798.12,0.44,0.0
2024-01-18,4.4,-6.4,0.7,-0.7,-12.7,28.8,56.2,174,2.71,7200.0,30944.15,0.38,2.5
2024-01-19,2.2,-2.5,-0.3,-1.4,-7.2,19.2,35.3,332,1.54,0.0,31094.7,0.23,2.1
2024-01-20,-0.8,-4.8,-3.3,-6.0,-10.4,18.6,33.8,293,2.09,0.0,31249.5,0.38,0.8
2024-01-21,0.0,-4.2,-1.5,-4.6,-8.4,18.7,33.8,312,2.34,1861.8,31408.28,0.35,2.3
2024-01-22,-1.0,-5.9,-3.7,-6.8,-9.8,23.8,42.1,176,4.02,12257.55,31570.77,0.5,0.0
2024-01-23,0.9,-2.2,-0.7,-4.5,-8.5,24.2,42.5,194,1.4,0.0,31736.72,0.48,2.9
2024-01-24,3.0,-0.7,0.9,-1.5,-4.9,25.3,44.6,215,3.18,3899.39,31905.88,0.37,3.7
2024-01-25,3.5,0.9,2.0,-1.1,-4.7,24.2,44.3,251,1.67,0.0,32077.99,0.21,3.1
2024-01-26,1.8,0.2,0.8,-2.6,-4.0,17.3,31.3,309,2.09,0.0,32252.81,0.24,1.0
2024-01-27,1.3,-0.6,0.2,-2.9,-4.7,13.2,25.2,327,2.06,63.75,32430.11,0.25,1.0
2024-01-28,0.6,-1.8,-0.7,-4.2,-6.2,17.4,31.7,346,2.37,2516.17,32609.65,0.31,0.0
2024-01-29,-1.0,-5.9,-2.9,-4.5,-9.9,13.4,23.8,344,3.45,2665.78,32791.22,0.36,0.0
2024-01-30,4.3,-4.3,-0.9,-0.4,-8.7,13.4,25.9,240,6.83,31231.53,32974.58,0.78,0.0
2024-01-31,6.1,-2.7,0.6,1.6,-7.2,15.1,25.9,251,6.33,27481.88,33159.52,0.92,0.0
2024-02-01,6.1,-0.1,2.7,1.8,-4.6,20.2,35.3,257,4.02,15502.55,33345.85,0.6,0.5
2024-02-02,3.8,-0.8,1.5,-1.9,-5.6,24.3,45.4,290,4.89,22411.62,33533.54,0.74,0.2
2024-02-03,5.6,0.2,2.7,0.8,-4.6,27.0,49.3,261,0.99,0.0,33724.43,0.38,9.5
2024-02-04,6.3,1.8,4.6,0.8,-3.3,28.9,52.9,282,5.75,21989.04,33918.8,0.89,0.2
2024-02-05,4.4,0.9,2.5,-1.4,-5.8,29.5,59.0,277,3.65,15337.55,34116.38,0.64,7.4
2024-02-06,5.2,-0.6,1.2,0.6,-6.3,26.5,49.7,268,1.71,0.0,34316.92,0.48,4.2
2024-02-07,8.6,3.2,6.6,2.8,-1.9,30.8,55.1,256,1.31,0.0,34520.15,0.98,2.8
2024-02-08,2.7,-2.0,0.8,-2.1,-5.7,20.9,37.8,299,5.58,19243.12,34725.82,0.59,2.0
2024-02-09,-0.2,-2.2,-1.5,-4.5,-6.7,14.8,26.3,100,2.22,0.0,34933.7,0.28,8.7
2024-02-10,0.5,-1.8,-0.5,-3.4,-6.7,19.2,33.1,119,2.18,0.0,35143.56,0.22,8.4
2024-02-11,3.0,0.6,1.4,-0.4,-3.3,18.4,31.7,134,3.75,0.0,35355.15,0.29,0.0
2024-02-12,8.4,1.4,3.6,6.2,-2.1,12.8,22.0,140,4.9,4356.06,35568.25,0.49,0.3
2024-02-13,10.6,2.5,5.5,8.0,-0.6,12.9,25.2,146,6.78,21600.0,35782.66,0.76,2.4
2024-02-14,4.8,2.3,3.9,2.4,-1.4,13.6,24.5,333,2.03,0.0,35998.14,0.27,5.8
2024-02-15,2.5,0.8,1.6,-1.4,-3.5,16.2,29.5,347,2.1,0.0,36214.5,0.29,0.1
2024-02-16,4.6,1.5,2.5,1.9,-1.7,8.2,15.8,52,2.78,0.0,36431.54,0.39,0.0
2024-02-17,5.1,0.3,1.9,0.5,-3.5,18.0,33.8,171,3.68,318.59,36649.06,0.49,0.0
2024-02-18,4.6,-1.6,2.2,0.5,-6.3,23.1,42.8,319,4.44,4182.53,36866.86,0.71,0.5
2024-02-19,1.4,-5.4,-2.1,-2.7,-9.5,9.5,20.9,62,9.83,35484.26,37084.75,0.91,0.0
2024-02-20,0.9,-3.7,-1.6,-4.0,-8.7,21.5,42.5,168,1.75,0.0,37302.55,0.61,1.6
2024-02-21,4.8,0.8,2.2,2.0,-3.5,17.9,32.0,236,2.94,1029.41,37520.08,0.35,2.3
2024-02-22,9.1,1.3,4.5,5.5,-2.1,19.1,33.1,194,4.85,13217.86,37737.36,0.83,0.3
2024-02-23,10.1,3.5,6.4,4.5,-1.6,29.3,53.3,168,7.68,25147.16,37956.18,1.28,0.7
2024-02-24,11.8,6.1,8.3,6.3,1.3,27.9,53.6,158,7.06,17514.11,38176.89,1.58,0.4
2024-02-25,9.0,5.6,7.1,4.3,0.7,24.2,46.8,151,4.35,2310.11,38399.29,1.18,1.9
2024-02-26,8.2,2.3,4.7,3.6,-2.9,21.0,38.2,144,9.09,31790.15,38623.21,1.42,0.0
2024-02-27,7.9,-1.0,3.0,3.6,-5.4,16.6,32.0,142,11.51,33887.94,38848.48,1.34,0.0
2024-02-28,8.4,0.4,3.4,3.9,-4.1,17.7,33.8,154,8.02,21737.91,39074.89,1.16,0.0
2024-02-29,11.3,1.1,5.0,8.1,-2.9,14.2,28.1,172,11.79,36861.36,39302.3,1.46,0.0
2024-03-01,9.9,-0.8,3.7,6.1,-4.0,14.7,28.1,133,11.5,37177.02,39530.52,1.39,0.0
2024-03-02,7.7,-1.6,2.4,4.0,-5.5,13.3,28.4,99,12.4,37121.47,39759.39,1.31,0.0
2024-03-03,5.4,-2.0,1.3,0.5,-5.6,18.5,35.6,101,6.39,11009.54,39988.75,0.92,0.2
2024-03-04,7.4,-2.0,2.6,3.1,-6.2,16.7,32.4,127,9.4,32319.81,40218.43,1.18,0.0
2024-03-05,9.0,-0.8,4.2,5.8,-4.0,12.0,22.7,80,11.21,30931.22,40448.28,1.38,0.0
2024-03-06,4.1,0.3,2.1,0.2,-4.3,16.3,30.6,46,3.69,838.57,40678.14,0.72,0.2
2024-03-07,0.8,-1.5,-0.5,-3.0,-6.2,13.9,24.8,47,5.62,270.07,40907.85,0.77,0.0
2024-03-08,7.3,-3.4,0.7,2.8,-7.5,11.0,21.6,281,14.31,38803.95,41137.27,1.59,0.0
2024-03-09,5.4,-2.9,0.7,2.0,-7.1,11.8,25.2,355,9.99,24675.11,41366.23,1.13,0.0
2024-03-10,7.3,-3.1,1.0,3.5,-7.5,17.7,32.8,22,14.53,39839.04,41594.59,1.6,0.0
2024-03-11,3.2,-5.2,-1.4,-2.3,-10.1,19.2,37.8,113,15.22,40234.99,41822.19,1.55,0.0
2024-03-12,2.0,-1.9,-0.2,-2.7,-7.0,19.6,34.6,124,2.9,0.0,42048.88,0.78,4.0
2024-03-13,2.7,-0.5,0.9,-2.1,-5.7,23.7,42.8,111,4.76,0.0,42274.7,0.89,4.1
2024-03-14,3.8,-0.1,1.6,0.5,-4.2,11.2,21.2,64,4.77,377.64,42501.25,0.75,0.1
2024-03-15,7.2,0.1,3.6,4.5,-3.2,10.3,20.9,76,5.86,4618.57,42728.89,0.79,0.0
2024-03-16,8.1,1.9,4.7,5.3,-0.4,9.5,20.5,170,6.62,6396.66,42957.48,0.92,0.1
2024-03-17,13.4,2.7,7.5,9.7,-0.5,17.4,32.0,215,10.0,19465.38,43186.87,1.47,3.1
2024-03-18,5.6,0.8,2.8,1.9,-3.9,19.8,32.8,320,2.57,0.0,43416.93,0.34,21.8
2024-03-19,5.7,-1.5,2.3,1.7,-4.9,17.3,33.1,157,11.59,30431.91,43647.52,1.19,2.6
2024-03-20,5.9,-1.5,2.2,1.0,-5.0,20.3,38.5,6,6.85,17462.42,43878.51,0.69,12.2
2024-03-21,10.1,2.4,5.6,7.1,-0.8,13.2,26.3,44,10.37,20193.31,44109.77,1.36,0.0
2024-03-22,10.9,2.2,6.2,8.1,-0.7,10.2,17.3,229,10.01,26980.25,44341.14,1.43,0.2
2024-03-23,13.4,4.8,8.9,9.8,1.2,21.1,38.5,213,6.33,5087.52,44572.52,1.47,0.0
2024-03-24,11.6,4.0,8.2,8.3,1.4,20.8,40.0,222,4.94,0.0,44803.75,1.14,3.8
2024-03-25,7.6,0.8,4.1,3.2,-2.5,16.9,32.4,13,8.69,11769.62,45034.69,1.18,2.4
2024-03-26,9.4,1.9,4.9,4.6,-2.0,22.8,43.2,358,13.1,30904.16,45265.22,1.68,1.9
2024-03-27,11.2,-0.2,5.3,7.6,-4.0,17.6,33.5,139,18.61,43200.0,45495.2,2.28,0.0
2024-03-28,15.4,3.3,9.3,10.6,-0.9,27.5,51.1,152,15.81,34837.85,45724.47,2.73,2.8
2024-03-29,12.1,6.6,9.1,9.3,3.5,18.5,37.4,245,5.75,17831.23,45952.91,0.96,6.0
2024-03-30,20.1,4.0,11.6,17.8,1.0,18.6,35.3,190,15.26,42562.45,46180.36,2.83,0.0
2024-03-31,23.2,8.9,15.7,21.5,6.8,19.0,35.6,175,18.83,43201.45,46406.68,3.71,0.0
2024-04-01,25.5,10.2,16.8,24.0,7.7,16.6,31.0,177,17.94,43200.0,46631.72,3.79,0.2
2024-04-02,24.1,12.2,16.6,21.8,7.9,26.6,51.1,190,18.01,38961.18,46855.49,3.81,0.2
2024-04-03,14.7,7.8,11.4,9.2,3.0,34.2,63.4,254,14.72,34371.18,47079.53,3.08,0.9
2024-04-04,10.9,3.1,8.1,7.0,0.0,21.9,42.1,299,15.06,39550.17,47304.16,2.37,0.1
2024-04-05,15.7,1.0,8.1,13.5,-2.6,11.5,25.2,152,18.89,38685.62,47529.25,2.53,0.0
2024-04-06,17.2,7.2,11.6,14.7,4.8,14.1,28.8,249,11.88,23194.35,47754.67,2.0,2.2
2024-04-07,15.8,7.4,11.2,14.9,5.2,11.3,23.0,316,12.11,30494.63,47980.27,1.79,0.2
2024-04-08,21.6,7.7,14.1,20.5,5.3,10.3,20.9,205,18.69,38944.4,48205.93,3.19,0.0
2024-04-09,23.5,10.4,16.4,21.2,8.3,15.6,31.0,209,20.75,45293.32,48431.51,4.0,0.0
2024-04-10,24.2,11.4,17.2,23.3,8.7,12.7,27.0,206,20.92,45921.29,48656.86,4.12,0.0
2024-04-11,21.0,12.2,15.8,18.4,9.3,19.4,36.0,311,19.27,43715.09,48881.83,3.59,0.0
2024-04-12,19.0,8.6,13.6,15.4,5.7,21.1,40.3,314,20.82,46818.48,49106.29,3.74,0.0
2024-04-13,18.0,9.6,13.5,15.3,7.6,19.6,38.2,287,11.51,19695.02,49330.09,2.34,0.3
2024-04-14,21.0,9.1,15.1,17.9,7.4,22.0,40.7,269,15.7,31435.71,49553.06,3.19,1.5
2024-04-15,15.9,8.4,12.0,13.1,6.7,18.9,33.1,287,12.78,24300.04,49775.05,2.13,2.8
2024-04-16,18.4,7.2,12.3,16.6,5.3,16.0,32.8,217,14.01,21806.5,49995.91,2.28,2.2
2024-04-17,11.4,7.3,8.5,10.7,3.5,22.8,41.0,354,3.59,0.0,50215.46,0.74,15.5
2024-04-18,8.0,5.2,7.2,5.8,1.2,23.5,43.6,359,3.18,0.0,50433.54,0.55,10.5
2024-04-19,9.7,3.8,6.7,4.9,0.2,29.6,56.2,265,15.39,36769.02,50649.96,1.92,5.9
2024-04-20,13.8,0.1,7.5,10.4,-3.3,14.5,28.4,164,20.16,40787.91,50864.57,2.87,0.0
2024-04-21,11.9,5.4,8.1,9.6,0.9,31.6,57.6,353,4.89,0.0,51077.16,0.94,33.6
2024-04-22,12.4,4.9,8.2,9.2,-0.6,28.1,50.4,264,12.74,14080.52,51287.72,1.97,3.3
2024-04-23,13.9,6.3,9.7,11.8,3.8,12.0,20.2,219,16.07,35718.14,51497.74,2.43,0.8
2024-04-24,13.0,7.8,10.7,12.8,4.9,26.3,50.8,122,4.18,0.0,51707.55,0.92,15.5
2024-04-25,18.5,7.7,12.8,18.3,6.0,14.0,36.0,229,16.77,38342.27,51916.98,2.52,1.7
2024-04-26,15.9,9.4,12.0,12.9,7.0,20.4,40.0,331,12.17,15404.01,52125.88,2.03,0.4
2024-04-27,16.5,8.6,12.2,14.0,6.4,14.0,29.9,356,21.69,49873.14,52334.09,3.38,0.0
2024-04-28,18.6,7.2,13.1,17.6,4.2,11.4,23.0,55,24.48,50400.0,52541.45,3.95,0.0
2024-04-29,19.1,7.1,13.3,17.0,4.2,17.1,32.8,36,25.03,50400.0,52747.8,4.12,0.0
2024-04-30,20.8,7.0,13.8,19.0,4.1,12.5,25.2,99,25.53,50400.0,52952.95,4.2,0.0
2024-05-01,22.9,7.1,15.2,22.4,5.1,12.7,15.8,107,25.7,50400.0,53156.73,4.37,0.0
2024-05-02,23.6,8.3,17.2,22.2,6.7,12.8,24.8,2,25.73,50400.0,53358.96,4.77,0.0
2024-05-03,19.4,9.6,14.3,17.0,7.4,17.4,33.8,46,25.7,50400.0,53559.46,4.31,0.0
2024-05-04,16.9,7.2,12.2,14.7,4.6,13.7,25.6,73,26.04,50400.0,53758.03,3.99,0.0
2024-05-05,22.1,8.8,15.0,19.2,5.8,25.6,50.8,251,20.04,48014.65,53954.46,3.92,0.0
2024-05-06,24.1,11.1,17.1,22.1,9.3,25.2,48.6,246,20.78,40178.94,54148.57,4.37,0.3
2024-05-07,19.8,8.8,15.3,17.3,3.7,26.8,51.1,301,18.9,41967.83,54340.13,3.66,0.4
2024-05-08,15.1,4.6,9.9,13.0,1.8,20.0,40.3,354,25.93,49603.18,54528.95,3.72,0.0
2024-05-09,13.2,5.3,9.4,11.1,1.9,12.3,28.4,21,25.3,48774.39,54714.78,3.61,0.0
2024-05-10,18.2,4.6,11.9,15.6,1.3,15.9,30.6,251,22.85,45495.55,54897.41,3.82,0.0
2024-05-11,16.5,9.1,12.9,13.5,5.5,24.6,45.4,330,23.02,50465.18,55076.6,3.96,0.0
2024-05-12,10.6,4.6,8.4,6.2,1.8,17.3,34.9,1,14.28,21323.93,55252.27,2.46,0.2
2024-05-13,10.9,4.2,7.7,6.3,0.9,19.2,37.8,29,16.43,33179.32,55425.78,2.52,0.3
2024-05-14,13.1,3.0,8.7,9.4,-0.1,13.3,28.4,57,17.54,33134.91,55597.38,2.93,0.0
2024-05-15,14.2,5.1,10.5,9.9,2.1,15.3,31.7,66,18.18,34201.61,55766.88,3.36,0.0
2024-05-16,15.8,7.6,12.3,12.9,4.8,12.1,27.0,80,18.21,41323.35,55934.15,3.31,0.0
2024-05-17,20.5,5.2,14.1,18.9,2.6,8.9,22.0,304,27.09,52437.09,56098.98,4.53,0.0
2024-05-18,22.1,10.7,16.9,22.6,8.3,10.4,16.9,286,23.35,49612.49,56261.2,4.31,0.1
2024-05-19,22.9,11.2,17.2,22.4,8.6,15.3,27.4,227,24.79,52306.2,56420.63,4.65,0.0
2024-05-20,24.6,11.9,18.8,22.0,10.6,16.2,33.5,176,26.49,53073.64,56577.08,5.36,0.0
2024-05-21,24.7,12.1,19.2,23.2,10.7,14.8,32.4,161,22.77,53010.94,56730.36,4.91,0.0
2024-05-22,25.4,13.9,20.2,24.0,12.6,18.8,36.4,128,22.45,51582.28,56880.27,5.22,0.0
2024-05-23,25.5,14.9,20.1,24.7,14.3,18.8,38.5,88,24.38,52064.98,57026.62,5.07,5.6
2024-05-24,25.9,15.2,20.3,23.9,14.3,18.9,40.0,96,25.45,53266.74,57169.19,5.45,0.1
2024-05-25,23.4,13.9,18.9,21.1,11.5,16.3,34.2,110,29.18,56150.36,57307.79,6.23,0.0
2024-05-26,24.6,9.9,18.3,22.6,7.2,14.0,30.6,76,27.18,53168.03,57442.21,5.71,0.0
2024-05-27,26.8,13.0,20.5,24.3,11.2,19.4,37.8,68,27.46,52886.95,57572.22,6.32,0.0
2024-05-28,26.5,14.8,20.6,23.8,13.6,24.0,48.6,116,22.28,46800.87,57697.61,5.33,0.4
2024-05-29,26.4,15.4,21.3,23.2,14.1,22.0,44.6,102,18.93,33144.97,57818.18,5.47,0.1
2024-05-30,23.0,15.3,18.7,22.5,15.2,16.8,34.9,144,20.7,41027.32,57933.7,3.98,5.6
2024-05-31,23.7,13.4,18.5,22.5,12.7,20.1,40.0,162,22.35,54541.98,58043.95,4.22,0.2
2024-06-01,28.3,14.9,21.5,28.4,15.3,15.9,48.6,168,24.66,51714.61,58148.8,5.05,2.6
2024-06-02,25.0,17.1,20.1,28.2,17.5,17.3,40.7,197,21.21,49875.38,58249.09,3.79,15.7
2024-06-03,24.4,14.3,20.0,23.5,14.0,20.1,40.0,247,24.18,57056.23,58344.98,4.67,0.3
2024-06-04,26.2,16.2,21.1,28.5,16.6,11.7,25.2,170,19.41,31673.01,58436.36,3.91,0.3
2024-06-05,25.0,16.8,20.7,25.6,17.0,18.0,34.9,238,22.93,51333.67,58523.13,4.58,1.6
2024-06-06,25.2,16.4,20.6,24.2,15.4,26.2,48.6,293,23.21,45471.12,58605.18,4.85,2.5
2024-06-07,26.4,16.2,21.1,27.3,16.2,13.0,28.8,297,25.55,45742.48,58682.41,5.06,0.0
2024-06-08,24.5,15.4,19.5,25.0,16.3,17.0,37.8,280,19.28,45030.95,58754.72,3.53,10.2
2024-06-09,26.2,14.3,20.6,26.4,13.9,11.8,25.6,165,24.29,41568.9,58822.0,4.89,0.1
2024-06-10,27.2,18.0,22.6,29.1,18.8,13.4,29.2,177,21.46,48948.91,58884.16,4.41,1.5
2024-06-11,27.5,18.9,22.0,28.4,19.1,16.7,45.0,206,17.94,33988.41,58941.11,3.63,28.8
2024-06-12,20.1,16.0,18.2,21.8,14.3,29.3,54.4,310,7.26,10794.09,58992.75,1.39,38.4
2024-06-13,22.3,12.6,17.9,22.3,10.9,17.2,32.4,330,26.0,56079.9,59038.99,4.66,0.0
2024-06-14,20.2,14.2,18.0,20.7,13.7,10.2,21.6,54,11.45,10378.21,59079.73,2.3,8.4
2024-06-15,21.4,16.4,18.4,21.3,16.6,19.2,37.1,15,15.8,38985.52,59114.91,2.66,4.7
2024-06-16,23.0,16.5,19.2,22.8,17.0,20.0,38.5,18,15.37,18533.44,59144.44,2.84,5.1
2024-06-17,24.7,17.2,20.9,24.5,17.4,20.9,41.0,294,21.88,51996.76,59168.23,4.14,3.6
2024-06-18,26.8,17.5,22.0,27.4,17.4,15.8,31.0,296,27.95,57600.0,59186.22,5.43,0.0
2024-06-19,29.4,17.6,23.7,30.9,17.8,15.0,30.2,206,27.63,50888.52,59198.32,5.95,0.0
2024-06-20,23.0,17.2,20.8,23.2,15.0,34.6,62.3,291,23.3,51368.9,59204.5,5.01,0.4
2024-06-21,24.5,13.6,19.3,22.9,12.3,16.4,31.7,291,25.45,57600.0,59204.66,5.01,0.0
2024-06-22,27.0,13.6,21.2,29.0,13.2,10.5,17.6,250,28.19,56481.21,59198.75,5.33,0.0
2024-06-23,27.0,17.7,21.4,31.0,18.7,21.1,38.5,289,19.53,46952.41,59186.81,3.73,6.7
2024-06-24,21.3,15.2,18.7,20.5,14.9,19.1,38.2,303,21.77,55752.68,59168.94,3.89,0.9
2024-06-25,23.8,15.6,19.8,22.5,14.7,20.5,40.0,349,26.38,55902.41,59145.19,5.01,0.4
2024-06-26,25.9,13.9,20.8,26.5,13.6,14.2,28.4,342,26.97,57600.0,59115.68,5.26,0.0
2024-06-27,27.2,15.4,22.3,28.6,16.2,11.1,24.5,17,27.26,57600.0,59080.48,5.42,0.2
2024-06-28,27.2,16.2,22.9,27.2,16.8,9.6,22.0,91,24.4,57600.0,59039.68,4.95,0.0
2024-06-29,28.9,16.8,23.9,30.9,17.4,9.7,18.4,186,26.22,57600.0,58993.39,5.3,0.0
2024-06-30,30.5,18.2,25.3,32.8,19.5,10.7,21.2,184,27.2,57600.0,58941.72,5.85,0.0
2024-07-01,31.2,19.6,26.1,32.4,20.5,16.6,32.4,169,26.37,57600.0,58884.75,6.35,0.0
2024-07-02,32.0,19.6,25.6,31.6,20.6,24.8,49.3,186,25.29,49980.68,58822.61,6.3,0.4
2024-07-03,28.2,20.4,22.7,31.7,22.4,18.7,35.3,359,15.0,21032.08,58755.38,3.15,2.2
2024-07-04,28.2,19.0,22.8,32.2,21.0,16.6,33.5,283,17.91,32431.82,58683.2,3.69,8.7
2024-07-05,24.0,16.9,20.6,24.3,17.1,20.3,42.1,299,24.02,50558.84,58606.15,4.66,3.7
2024-07-06,25.1,14.4,19.8,25.5,14.1,12.6,21.6,344,28.69,57498.91,58524.37,5.34,0.0
2024-07-07,26.3,15.2,21.3,26.1,15.0,14.5,30.6,120,25.69,45813.85,58437.96,5.2,0.0
2024-07-08,28.4,15.9,22.8,30.6,15.6,11.2,19.8,87,28.43,57394.21,58347.05,5.63,0.0
2024-07-09,30.6,18.2,25.2,30.8,19.0,16.6,32.8,5,27.9,57339.54,58251.74,6.46,0.0
2024-07-10,29.4,21.6,25.6,31.0,23.3,18.6,35.6,30,21.98,54521.64,58152.16,5.03,1.9
2024-07-11,31.9,20.5,26.7,35.6,23.2,9.7,23.4,75,25.78,56672.89,58048.31,5.55,0.0
2024-07-12,33.3,22.2,28.1,36.7,24.7,12.2,26.6,131,24.54,53849.98,57939.25,5.79,0.0
2024-07-13,34.4,22.9,29.1,36.6,24.9,14.3,26.3,153,26.22,56226.29,57824.95,6.59,0.0
2024-07-14,35.9,22.6,29.6,37.9,23.9,14.2,24.5,169,25.91,56045.99,57705.59,6.57,0.0
2024-07-15,33.9,20.6,28.1,38.4,22.5,9.7,22.3,12,25.16,53552.7,57581.42,5.55,0.4
2024-07-16,32.2,22.9,28.1,36.1,26.4,8.7,22.3,50,23.32,54012.58,57452.66,5.09,0.6
2024-07-17,32.3,22.5,28.2,37.2,25.9,10.4,23.8,157,23.71,54063.07,57319.51,5.25,1.8
2024-07-18,30.6,22.5,25.8,35.1,25.2,16.6,38.2,305,20.04,41449.3,57182.21,4.2,9.0
2024-07-19,26.4,20.2,23.1,27.0,21.5,17.4,34.2,342,22.59,53281.1,57040.96,4.51,0.3
2024-07-20,27.1,17.9,22.7,27.9,19.3,10.8,24.5,347,24.86,54213.34,56895.97,5.08,0.0
2024-07-21,27.8,17.5,23.6,29.1,18.3,9.6,16.6,136,22.73,48220.28,56747.46,4.67,0.0
2024-07-22,27.7,18.9,23.1,30.3,20.7,12.6,41.4,14,24.0,52244.54,56595.62,4.74,0.7
2024-07-23,26.2,17.9,22.5,26.7,19.5,14.1,29.9,348,24.67,51897.55,56440.65,4.92,0.5
2024-07-24,26.4,17.4,22.0,27.4,18.5,13.3,25.2,47,23.79,51551.5,56282.76,4.65,1.1
2024-07-25,25.4,16.3,21.1,25.8,15.9,13.4,28.4,106,23.92,51083.11,56122.12,4.89,0.0
2024-07-26,27.4,17.8,22.4,28.1,17.8,11.6,25.9,30,22.35,48992.48,55958.94,4.58,0.5
2024-07-27,28.3,18.3,22.2,30.5,19.9,14.4,33.1,348,21.23,50088.32,55793.38,4.09,15.6
2024-07-28,28.2,17.6,23.1,29.6,18.9,12.5,26.3,251,21.17,47018.35,55625.64,4.44,0.0
2024-07-29,24.0,14.6,20.1,23.4,12.9,35.3,64.1,276,23.25,50230.62,55455.89,5.5,5.6
2024-07-30,22.2,16.4,19.2,19.9,13.9,31.0,56.5,307,17.44,42110.65,55284.29,3.92,3.7
2024-07-31,24.8,15.6,20.0,23.1,14.6,19.9,38.5,308,23.15,50898.27,55110.87,4.66,0.9
2024-08-01,28.0,14.6,21.3,27.5,13.7,14.5,30.6,281,25.01,50254.49,54934.24,5.21,0.0
2024-08-02,27.2,15.5,21.6,26.9,15.6,10.9,25.6,318,24.85,50400.0,54754.22,5.05,0.0
2024-08-03,25.9,16.4,20.1,26.3,16.3,14.6,29.2,104,11.65,21600.0,54571.04,2.53,16.1
2024-08-04,23.7,16.5,19.9,22.9,15.6,20.2,40.0,0,21.78,45059.43,54384.91,4.21,8.8
2024-08-05,25.0,14.9,20.3,25.1,14.9,10.7,24.5,339,22.8,50400.0,54196.06,4.33,0.4
2024-08-06,25.4,16.5,20.9,27.6,16.9,11.2,26.6,25,19.84,41531.71,54004.7,3.79,0.7
2024-08-07,24.9,16.6,20.6,24.6,17.4,15.3,31.7,306,21.18,41032.84,53811.02,4.05,6.8
2024-08-08,25.9,16.5,21.0,25.7,16.7,14.5,30.2,319,23.17,50400.0,53615.24,4.5,0.0
2024-08-09,26.6,15.4,22.1,28.2,15.9,16.4,29.5,122,21.71,45487.09,53417.55,4.22,0.0
2024-08-10,26.5,17.7,21.8,27.6,19.4,15.1,31.0,295,18.92,48434.9,53218.14,3.9,4.6
2024-08-11,25.2,17.7,21.5,22.5,17.3,26.1,49.0,289,20.93,50400.0,53017.18,4.99,0.0
2024-08-12,22.6,14.2,18.8,19.2,12.6,21.3,41.0,298,17.67,43027.51,52814.88,4.13,0.0
2024-08-13,22.0,14.5,18.3,19.4,12.6,20.9,40.7,314,18.87,47981.04,52611.38,4.14,0.0
2024-08-14,24.8,12.2,18.6,24.0,11.3,12.5,24.5,350,22.04,50028.16,52406.87,4.17,0.0
2024-08-15,25.9,12.4,20.0,25.3,11.8,10.2,24.5,354,23.02,50400.0,52201.52,4.52,0.0
2024-08-16,26.5,16.3,21.1,26.6,15.8,9.7,17.3,108,20.32,50400.0,51995.48,4.12,0.0
2024-08-17,29.0,14.6,22.0,29.3,14.4,9.7,23.4,135,22.84,50400.0,51788.9,4.77,0.0
2024-08-18,31.9,16.6,23.9,32.3,17.1,14.7,29.2,137,20.95,50400.0,51581.95,4.76,0.1
2024-08-19,33.4,19.0,26.3,33.6,20.3,12.9,28.1,149,21.62,50400.0,51374.77,5.39,0.0
2024-08-20,33.4,19.0,26.6,33.6,19.3,10.1,23.8,156,21.6,50384.16,51167.35,5.47,0.0
2024-08-21,33.5,18.8,26.3,32.5,18.8,9.9,23.8,146,22.31,50271.25,50958.22,5.59,0.0
2024-08-22,29.9,19.6,24.1,29.9,19.2,21.1,38.2,306,18.47,43056.23,50747.13,4.7,2.0
2024-08-23,24.6,16.0,20.2,22.9,13.8,19.6,34.6,335,21.01,48602.12,50534.26,4.87,0.0
2024-08-24,26.9,14.7,20.6,25.9,14.7,10.2,23.8,7,21.18,49259.63,50319.76,4.26,0.0
2024-08-25,31.5,15.6,23.5,32.3,15.6,8.6,22.0,54,21.16,49423.58,50103.82,4.62,0.0
2024-08-26,31.9,18.1,24.9,32.6,18.8,13.0,25.6,39,21.17,49207.98,49886.59,5.01,0.0
2024-08-27,31.5,18.6,25.1,31.4,19.0,16.3,31.7,45,20.39,46155.26,49668.23,5.12,0.0
2024-08-28,30.2,19.9,24.9,28.7,19.8,20.3,39.6,66,18.82,40851.65,49448.89,5.14,0.0
2024-08-29,30.5,20.8,25.2,30.1,20.1,14.9,31.0,56,18.91,44937.95,49228.73,5.35,0.0
2024-08-30,30.3,18.4,24.3,29.6,17.3,16.3,31.7,61,20.21,46508.99,49007.89,5.51,0.0
2024-08-31,28.5,16.8,22.9,26.6,15.7,16.5,33.8,70,14.97,31177.88,48786.51,4.49,0.0
2024-09-01,29.7,18.0,23.6,28.7,17.6,15.5,30.6,79,15.52,26959.07,48564.75,4.37,0.0
2024-09-02,28.8,19.4,24.1,26.3,18.7,16.3,31.0,44,18.7,43365.97,48342.72,5.07,0.0
2024-09-03,29.5,17.8,23.6,27.4,16.8,20.5,39.6,74,17.13,38495.8,48120.57,4.9,0.2
2024-09-04,27.5,20.1,23.1,24.6,18.0,18.9,37.4,47,15.0,26372.67,47898.43,4.92,0.0
2024-09-05,25.5,18.9,21.9,23.4,16.4,24.6,47.2,64,15.92,41676.73,47676.44,5.06,0.0
2024-09-06,26.0,17.0,21.1,23.4,14.3,17.6,33.5,88,19.38,43629.09,47454.71,5.3,0.0
2024-09-07,24.5,13.9,19.1,21.3,11.2,17.2,36.0,100,19.83,44055.55,47233.38,4.83,0.0
2024-09-08,24.6,11.1,18.1,21.9,8.8,15.5,32.4,91,19.32,43715.84,47012.57,4.3,0.0
2024-09-09,25.1,10.9,18.2,22.0,8.4,18.2,34.6,101,18.97,43397.04,46792.26,4.61,0.0
2024-09-10,24.8,12.0,18.6,23.8,10.9,11.7,27.0,118,17.59,42882.04,46570.98,3.59,0.0
2024-09-11,26.3,15.9,21.1,25.7,16.7,11.7,26.3,132,15.69,41907.9,46348.45,3.4,0.1
2024-09-12,26.5,17.8,21.3,26.4,17.1,22.8,44.3,133,14.5,36779.03,46124.8,3.21,4.0
2024-09-13,25.9,17.2,20.6,24.9,18.6,19.4,39.2,142,12.87,28800.0,45900.2,2.64,1.1
2024-09-14,26.6,17.9,22.1,24.0,16.7,24.3,45.4,113,17.23,43200.0,45674.75,4.86,0.1
2024-09-15,27.0,20.6,23.2,22.9,16.7,28.0,51.8,110,16.74,36503.35,45448.61,6.8,0.0
2024-09-16,25.6,18.4,21.8,21.1,14.2,27.4,51.5,89,17.4,42897.43,45221.9,6.4,0.0
2024-09-17,25.4,16.2,20.5,22.0,13.4,21.3,40.7,76,15.87,39600.0,44994.75,4.88,0.1
2024-09-18,22.0,14.8,17.9,18.1,12.5,20.4,39.6,61,10.52,21600.0,44767.29,3.52,0.3
2024-09-19,21.8,10.4,15.9,17.8,7.3,16.2,32.8,59,17.41,43019.27,44539.64,3.98,0.0
2024-09-20,23.2,10.1,16.6,20.8,8.3,15.5,29.9,7,16.26,42883.55,44311.95,3.4,0.0
2024-09-21,22.2,10.3,16.2,21.0,8.9,10.7,21.2,9,16.25,42748.01,44084.32,2.87,0.0
2024-09-22,23.4,11.5,17.1,22.1,10.6,10.5,23.0,352,15.92,42429.49,43856.9,3.0,0.0
2024-09-23,23.3,10.1,16.0,21.7,8.7,11.3,19.1,84,15.63,42477.93,43629.8,2.88,0.0
2024-09-24,24.9,10.6,17.5,22.8,8.7,15.1,30.2,141,15.68,42343.64,43403.15,3.38,0.0
2024-09-25,25.1,14.2,19.0,21.9,12.0,21.5,40.7,171,14.48,42210.01,43177.08,3.91,0.0
2024-09-26,22.8,15.5,18.4,21.1,13.2,20.6,43.9,172,11.22,22912.76,42951.71,3.08,2.3
2024-09-27,26.4,17.7,21.7,25.3,17.2,24.8,46.4,186,12.99,30906.18,42727.18,3.63,0.0
2024-09-28,27.0,18.2,22.0,25.8,17.6,19.7,38.2,185,14.01,41029.52,42503.6,4.1,0.0
2024-09-29,21.0,12.4,16.0,20.7,8.5,27.9,53.3,352,9.95,25144.89,42280.96,2.13,0.7
2024-09-30,16.7,11.0,13.2,12.7,6.8,26.3,47.9,12,12.57,33178.17,42057.7,2.58,0.0
2024-10-01,17.8,9.4,13.2,15.6,7.2,16.5,32.8,346,13.15,39536.83,41833.53,2.17,0.0
2024-10-02,17.1,9.6,12.6,16.2,6.9,14.8,25.9,339,10.63,37131.21,41608.58,1.65,0.0
2024-10-03,21.0,10.6,15.2,18.8,7.7,20.8,37.8,152,8.04,16341.78,41383.01,2.03,0.3
2024-10-04,21.8,12.9,16.6,20.6,11.8,18.8,37.8,168,4.69,7204.89,41156.95,1.43,0.3
2024-10-05,18.3,14.9,16.2,18.1,14.4,13.9,25.9,5,4.49,1743.0,40930.54,0.91,5.1
2024-10-06,20.5,13.7,16.7,20.9,13.1,17.1,32.8,166,4.08,7200.0,40703.93,0.82,24.4
2024-10-07,13.6,10.4,11.5,12.7,6.7,21.6,38.5,303,2.22,0.0,40477.27,0.54,17.8
2024-10-08,15.7,8.3,11.4,13.0,4.6,25.1,46.8,278,12.22,36000.0,40250.69,2.04,0.0
2024-10-09,19.5,8.4,13.6,17.8,6.6,16.9,32.0,142,12.09,37192.79,40024.36,1.96,0.0
2024-10-10,19.8,11.2,15.0,18.0,9.8,17.3,32.8,158,8.48,27885.36,39798.42,1.52,0.0
2024-10-11,20.6,12.6,16.0,19.9,11.8,19.4,36.0,156,7.07,24016.98,39573.01,1.25,0.9
2024-10-12,15.1,11.1,12.5,15.3,7.6,24.8,46.1,331,2.71,0.0,39348.3,0.78,12.4
2024-10-13,12.1,8.2,10.2,10.4,6.3,17.9,32.0,324,4.55,3776.25,39124.45,0.97,0.0
2024-10-14,12.2,6.3,9.2,6.9,3.2,30.0,54.4,251,6.83,22284.39,38901.61,1.17,2.1
2024-10-15,11.7,7.4,9.3,8.8,4.6,17.4,32.8,274,4.49,2426.11,38679.94,1.02,0.1
2024-10-16,10.6,4.4,7.3,7.7,1.7,17.7,32.8,333,7.26,30925.22,38459.62,0.92,1.8
2024-10-17,8.8,3.6,6.0,4.5,0.3,18.1,36.0,3,10.68,36364.73,38240.8,1.21,0.0
2024-10-18,9.0,2.5,5.3,5.5,-0.4,16.8,31.3,14,6.47,14521.23,38023.68,0.95,0.0
2024-10-19,7.1,1.1,3.9,3.2,-2.0,15.3,31.0,18,7.13,17890.06,37808.23,0.9,0.0
2024-10-20,9.1,1.5,4.6,5.7,-1.6,12.6,24.8,349,10.53,35409.42,37592.75,1.14,0.0
2024-10-21,12.4,2.4,6.2,10.5,-1.1,11.5,19.8,315,10.43,35343.51,37376.88,1.25,0.0
2024-10-22,15.6,2.2,8.0,13.7,-1.1,14.1,23.8,225,9.88,35174.13,37160.81,1.6,0.0
2024-10-23,13.6,5.9,9.5,10.7,2.2,21.7,42.1,283,6.67,25765.07,36944.71,1.31,0.0
2024-10-24,11.4,4.3,7.6,7.7,0.9,21.7,40.7,302,8.65,29661.43,36728.76,1.16,0.0
2024-10-25,11.6,7.8,9.2,8.4,4.7,18.1,34.2,308,3.92,2892.67,36513.14,0.88,0.0
2024-10-26,10.9,5.4,7.9,8.7,2.7,9.0,15.1,244,7.01,33502.89,36298.04,0.89,0.1
2024-10-27,13.5,3.8,8.0,11.1,0.9,13.0,26.3,205,9.14,33652.92,36083.66,1.1,0.0
2024-10-28,15.7,7.4,11.1,14.1,5.1,17.2,29.9,291,7.4,31282.91,35870.19,1.16,0.0
2024-10-29,11.8,4.6,7.2,9.0,1.9,11.7,24.1,301,6.62,26185.36,35657.84,0.88,0.0
2024-10-30,13.3,4.2,9.4,11.5,1.4,16.1,27.7,224,2.74,2265.46,35446.8,0.61,0.0
2024-10-31,12.2,7.9,10.9,9.0,5.9,22.6,39.6,290,4.47,7608.82,35237.29,1.03,0.3
2024-11-01,13.1,8.6,10.6,8.6,4.7,32.4,63.7,266,3.54,4177.58,35029.52,1.4,0.5
2024-11-02,12.9,4.2,8.7,8.5,-1.9,35.7,65.9,302,6.0,20185.66,34823.73,1.96,1.7
2024-11-03,6.2,1.1,3.8,1.3,-3.9,23.0,42.1,288,7.92,32400.0,34620.13,1.51,0.0
2024-11-04,6.4,1.2,4.4,0.0,-4.6,39.2,70.6,312,5.25,26252.38,34418.97,1.82,0.7
2024-11-05,5.1,-2.4,1.9,0.2,-7.1,20.2,36.4,289,5.67,21475.6,34220.48,1.07,0.0
2024-11-06,8.1,2.3,5.2,4.4,-2.4,19.7,36.0,291,2.98,2887.14,34024.91,0.83,0.0
2024-11-07,10.1,3.0,5.5,7.1,-0.4,13.5,24.5,281,7.37,30076.9,33832.52,0.85,0.0
2024-11-08,7.1,2.5,5.1,3.7,-1.0,17.0,32.8,328,2.04,0.0,33643.37,0.41,0.3
2024-11-09,6.2,3.3,4.7,3.3,0.7,10.3,19.1,22,3.55,5465.09,33455.64,0.51,0.0
2024-11-10,5.6,2.8,3.9,2.2,-0.4,11.0,22.3,346,3.66,7138.33,33268.99,0.5,0.0
2024-11-11,4.6,1.8,2.9,1.6,-1.3,9.5,18.7,73,2.2,0.0,33083.64,0.37,0.1
2024-11-12,4.6,-0.2,2.8,0.8,-3.3,11.3,23.0,112,2.92,4990.76,32899.79,0.54,0.1
2024-11-13,4.9,2.1,3.2,1.9,-1.2,7.7,20.5,139,2.57,349.87,32717.67,0.52,0.0
2024-11-14,3.5,0.9,1.9,0.6,-2.9,13.0,32.8,258,1.49,0.0,32537.49,0.29,2.4
2024-11-15,2.9,0.8,1.9,-0.5,-3.0,13.4,31.7,279,0.96,0.0,32359.5,0.29,1.0
2024-11-16,5.3,-0.2,3.0,2.3,-4.1,16.3,38.2,259,2.19,186.66,32183.92,0.36,0.0
2024-11-17,8.8,3.5,5.8,5.3,-0.3,14.2,30.2,222,6.15,30256.1,32011.0,0.93,0.0
2024-11-18,6.9,0.7,3.3,3.0,-3.3,14.9,38.9,236,4.74,25420.35,31840.98,0.63,0.0
2024-11-19,5.1,2.3,3.1,1.7,-1.8,16.0,36.0,235,3.53,14541.92,31674.11,0.53,0.4
2024-11-20,11.1,3.2,7.9,6.6,-1.3,27.7,62.6,180,2.53,9152.92,31510.66,1.24,0.0
2024-11-21,9.0,-1.0,1.9,6.0,-5.7,18.0,44.6,290,1.67,0.0,31350.89,0.25,16.9
2024-11-22,1.5,-3.5,-1.0,-1.3,-8.2,20.7,43.9,171,3.13,5587.75,31195.06,0.27,14.8
2024-11-23,1.3,-1.8,-0.0,-0.9,-7.0,21.6,47.2,302,2.71,1911.66,31043.45,0.29,10.1
2024-11-24,0.7,-5.1,-1.4,-2.2,-8.8,16.3,37.4,283,3.41,4412.72,30896.35,0.36,0.0
2024-11-25,0.1,-5.5,-3.1,-3.2,-9.3,9.6,19.8,158,5.59,28637.59,30754.03,0.37,0.0
2024-11-26,0.2,-5.1,-3.1,-3.3,-9.4,10.3,23.0,149,5.3,28633.07,30616.76,0.37,0.0
2024-11-27,-1.4,-6.6,-4.2,-4.7,-10.8,9.7,23.0,181,1.79,2024.21,30484.87,0.18,0.0
2024-11-28,2.4,-1.1,0.9,-0.4,-4.6,13.3,29.2,203,2.4,3600.0,30358.48,0.24,0.2
2024-11-29,0.8,-0.2,0.3,-2.8,-4.4,14.2,31.7,143,1.2,0.0,30236.18,0.16,1.9
2024-11-30,1.4,-0.1,0.4,-1.0,-3.3,7.3,15.5,98,1.64,0.0,30117.71,0.2,0.1
2024-12-01,2.0,0.2,0.8,-0.6,-2.6,7.6,15.1,176,1.52,0.0,30003.25,0.19,0.0
2024-12-02,2.2,0.7,1.1,-0.8,-2.6,8.8,20.9,186,1.18,0.0,29892.94,0.16,0.0
2024-12-03,0.6,-1.6,-0.8,-2.7,-5.7,10.3,26.3,183,2.49,4134.53,29786.97,0.32,0.0
2024-12-04,-1.5,-2.8,-2.1,-4.9,-6.6,8.7,21.2,147,1.57,0.0,29685.5,0.26,0.0
2024-12-05,-0.6,-2.8,-1.9,-4.4,-6.5,7.0,18.0,77,1.33,351.19,29588.7,0.22,0.0
2024-12-06,-0.1,-1.6,-1.0,-3.4,-5.0,11.5,25.2,137,0.85,0.0,29496.74,0.17,1.0
2024-12-07,2.7,-0.9,1.7,-1.5,-5.0,19.9,42.5,139,0.57,0.0,29409.8,0.12,10.6
2024-12-08,2.2,-0.1,0.8,-2.4,-4.5,18.7,41.8,122,2.93,11621.42,29328.04,0.34,0.0
2024-12-09,1.5,-0.1,0.6,-2.1,-4.2,14.4,32.4,84,1.1,0.0,29251.63,0.15,0.8
2024-12-10,0.6,0.1,0.3,-3.3,-4.1,15.4,33.1,47,0.9,0.0,29180.75,0.14,9.7
2024-12-11,0.2,-1.3,-0.2,-3.3,-6.1,16.3,36.0,359,0.7,0.0,29115.54,0.11,7.4
2024-12-12,-1.0,-2.5,-1.8,-5.8,-7.5,17.8,39.6,323,2.74,7239.72,29056.2,0.29,0.7
2024-12-13,-1.5,-7.3,-4.5,-7.0,-12.3,29.7,64.4,318,4.85,28055.85,29002.87,0.59,0.9
2024-12-14,-4.8,-11.1,-7.9,-9.7,-16.3,13.8,29.2,223,4.7,28060.59,28955.7,0.33,0.0
2024-12-15,1.0,-4.2,-0.9,-3.8,-9.1,18.9,42.1,255,1.53,0.0,28914.88,0.25,1.6
2024-12-16,5.9,0.6,2.6,0.3,-4.5,32.0,67.3,272,0.76,0.0,28880.54,0.33,5.6
2024-12-17,7.1,2.9,4.5,2.1,-2.1,28.8,63.7,283,0.98,0.0,28852.83,0.46,6.6
2024-12-18,3.7,0.1,1.8,-0.4,-3.9,20.0,45.0,294,2.13,13642.49,28831.86,0.46,0.0
2024-12-19,7.2,0.5,3.8,3.9,-2.7,16.8,35.3,215,1.67,8974.29,28817.37,0.36,1.3
2024-12-20,5.7,1.6,3.2,2.5,-2.3,14.8,30.2,210,3.9,25519.19,28809.22,0.36,1.0
2024-12-21,4.1,0.1,2.0,0.7,-3.1,13.2,27.7,320,3.08,15656.68,28807.38,0.27,2.6
2024-12-22,-0.1,-2.0,-1.0,-3.3,-6.1,9.9,23.4,209,2.9,19224.73,28811.78,0.27,0.0
2024-12-23,0.9,-3.2,-1.4,-2.8,-6.8,9.3,23.8,150,1.34,0.0,28822.38,0.19,0.0
2024-12-24,2.7,-0.8,0.6,-0.0,-3.5,8.6,20.5,71,1.21,0.0,28839.1,0.19,0.2
2024-12-25,0.6,-0.7,-0.1,-3.0,-4.9,13.0,31.7,2,1.76,275.2,28861.88,0.22,0.3
2024-12-26,0.9,-2.0,-0.5,-2.5,-6.2,10.8,26.3,320,0.91,0.0,28890.67,0.21,0.4
2024-12-27,0.9,0.0,0.3,-2.0,-3.2,9.5,20.2,348,0.81,0.0,28925.37,0.13,1.5
2024-12-28,1.1,-0.3,0.1,-2.1,-3.5,8.7,20.5,346,1.04,0.0,28965.91,0.14,0.0
2024-12-29,1.5,-0.3,0.2,-1.7,-3.2,8.5,19.1,232,0.99,0.0,29012.22,0.15,0.0
2024-12-30,2.2,-0.4,0.7,-1.7,-4.0,15.1,36.0,262,1.75,799.83,29064.21,0.2,0.0
2024-12-31,3.4,0.3,2.0,-0.8,-3.9,16.9,41.8,270,1.71,0.0,29121.79,0.31,0.0
2025-01-01,6.6,0.2,3.2,1.4,-4.5,20.3,46.1,244,4.59,28409.82,29184.86,0.9,0.0
2025-01-02,10.1,3.9,6.3,5.1,-1.9,21.7,48.2,245,4.72,28480.12,29253.34,1.85,0.0
2025-01-03,4.2,-2.0,1.4,0.2,-6.5,15.7,35.3,271,1.69,1743.94,29327.14,0.34,3.0
2025-01-04,-0.2,-3.0,-1.3,-5.6,-8.8,24.3,55.1,263,3.2,18000.0,29406.15,0.74,1.0
2025-01-05,-0.9,-6.1,-3.4,-5.7,-10.7,18.0,41.0,238,4.73,27049.38,29490.27,0.62,0.0
2025-01-06,1.7,-4.4,-1.3,-2.4,-9.0,17.9,41.0,169,1.19,0.0,29579.41,0.34,0.6
2025-01-07,9.4,1.5,4.4,5.8,-2.4,14.8,36.0,205,4.24,23949.31,29673.57,0.62,0.0
2025-01-08,7.1,3.2,4.8,4.9,-0.8,14.5,29.9,206,2.75,11721.52,29773.8,0.42,4.6
2025-01-09,5.1,0.9,3.1,0.7,-2.0,22.0,47.2,203,2.28,3759.44,29880.17,0.34,0.5
2025-01-10,7.6,3.2,5.0,4.9,-0.6,20.4,41.4,180,1.78,7073.05,29992.4,0.17,3.0
2025-01-11,2.0,-2.5,0.3,-2.4,-6.8,17.4,46.8,265,3.17,15356.54,30110.23,0.35,6.0
2025-01-12,0.4,-5.2,-2.5,-3.3,-8.5,10.8,23.0,194,3.68,14285.63,30233.41,0.32,0.0
2025-01-13,0.1,-6.4,-2.6,-4.1,-10.1,11.9,28.4,322,3.11,8678.56,30361.67,0.29,0.0
2025-01-14,-0.1,-4.6,-2.0,-5.0,-9.1,19.2,42.8,258,4.33,21985.97,30494.75,0.47,0.0
2025-01-15,2.0,-0.6,0.4,-1.5,-5.5,15.0,34.2,266,2.78,5197.33,30632.4,0.51,0.0
2025-01-16,2.5,-0.1,0.8,-1.1,-3.6,16.7,36.7,293,2.33,0.0,30774.36,0.26,0.0
2025-01-17,2.2,0.9,1.5,-2.0,-3.8,16.8,37.1,297,1.27,0.0,30920.39,0.2,0.9
2025-01-18,4.9,1.3,2.4,0.6,-2.8,22.9,52.2,301,3.0,3600.0,31070.25,0.33,0.0
2025-01-19,4.8,0.6,2.2,0.8,-3.8,20.2,46.1,320,4.79,21775.26,31223.69,0.55,0.0
2025-01-20,2.0,-0.4,0.8,-1.5,-4.6,17.3,39.6,314,1.88,196.01,31380.48,0.22,0.1
2025-01-21,1.0,-0.6,0.2,-1.2,-4.9,12.4,29.5,148,1.92,0.0,31540.38,0.23,0.0
2025-01-22,1.9,-0.9,0.1,-1.5,-5.4,13.2,31.3,143,1.2,0.0,31703.17,0.2,2.3
2025-01-23,1.1,-0.1,0.4,-2.4,-3.6,12.9,27.0,140,1.28,0.0,31868.64,0.18,1.7
2025-01-24,4.2,-0.2,1.4,1.1,-3.6,8.4,19.4,156,2.84,4120.81,32036.54,0.33,0.1
2025-01-25,5.1,1.1,2.5,1.5,-2.7,13.1,31.7,197,2.46,1611.81,32206.7,0.31,0.0
2025-01-26,8.6,1.6,5.4,4.7,-2.2,19.0,48.2,189,2.39,1221.8,32378.88,0.39,0.0
2025-01-27,8.1,4.0,5.6,5.2,0.3,16.0,36.4,192,4.43,17863.32,32553.09,0.47,0.0
2025-01-28,7.8,4.9,6.0,4.4,1.8,15.6,36.7,168,2.73,3029.24,32731.08,0.36,0.0
2025-01-29,8.6,5.6,6.6,6.3,2.3,16.1,40.3,179,2.17,0.0,32913.1,0.33,0.4
2025-01-30,10.9,2.3,5.9,9.3,-0.9,12.3,24.5,221,6.42,28581.72,33098.86,0.7,0.0
2025-01-31,6.8,3.1,5.2,3.6,0.3,14.2,35.6,163,1.91,0.0,33288.09,0.31,0.6
2025-02-01,6.3,2.0,4.0,3.7,-2.4,14.9,39.2,276,4.84,17361.57,33480.52,0.69,0.0
2025-02-02,1.9,-0.3,0.9,-2.1,-4.3,14.6,34.2,276,2.68,4235.52,33675.88,0.51,0.8
2025-02-03,0.8,-1.4,-0.4,-3.7,-5.5,14.2,32.4,278,3.46,4093.39,33873.9,0.53,1.1
2025-02-04,0.8,-2.4,-0.9,-3.7,-6.2,14.4,34.2,323,5.05,15254.53,34074.35,0.52,0.8
2025-02-05,-0.2,-4.0,-2.0,-5.9,-7.5,17.9,46.4,351,4.36,11434.06,34276.97,0.55,0.3
2025-02-06,-0.2,-2.2,-1.2,-4.2,-6.4,13.5,30.6,36,3.5,5965.99,34481.52,0.49,0.7
2025-02-07,-1.6,-5.2,-3.3,-6.2,-10.3,14.2,33.8,47,3.49,246.33,34687.78,0.42,0.0
2025-02-08,-4.4,-5.9,-5.2,-8.8,-10.5,12.8,31.7,78,3.96,803.64,34895.51,0.38,0.0
2025-02-09,-5.3,-7.2,-6.4,-9.4,-11.4,7.4,19.8,69,4.8,4610.6,35104.5,0.34,0.0
2025-02-10,-4.6,-8.6,-6.6,-8.8,-13.0,8.6,23.0,31,5.23,10128.47,35314.52,0.43,0.0
2025-02-11,-4.0,-7.3,-5.8,-8.4,-11.8,9.7,24.8,57,5.45,16540.87,35525.38,0.54,0.0
2025-02-12,-5.0,-9.7,-7.3,-8.6,-13.7,6.9,18.7,39,6.12,12653.09,35736.86,0.44,0.0
2025-02-13,-0.2,-10.3,-5.5,-4.1,-14.2,9.0,17.3,164,9.46,34892.86,35948.77,0.77,0.0
2025-02-14,2.6,-6.6,-2.3,-1.2,-11.0,11.3,24.5,212,3.41,6746.0,36160.9,0.48,3.1
2025-02-15,-1.7,-7.1,-5.3,-5.9,-12.6,18.8,45.7,322,5.75,11504.91,36373.07,0.58,0.8
2025-02-16,-5.1,-10.0,-7.7,-9.6,-14.5,11.1,27.0,291,9.79,26217.51,36585.29,0.63,0.2
2025-02-17,-4.9,-12.1,-8.6,-9.5,-17.1,11.5,24.1,274,10.74,35332.08,36799.39,0.6,0.6
2025-02-18,-3.5,-12.6,-9.1,-7.9,-18.0,11.9,22.7,252,10.9,35445.65,37015.73,0.69,0.0
2025-02-19,-1.7,-10.7,-6.7,-6.2,-15.9,13.4,28.4,265,10.9,33913.89,37234.08,0.75,0.2
2025-02-20,-4.2,-10.1,-6.1,-8.5,-14.3,13.8,32.0,359,8.05,20228.37,37454.23,0.54,0.2
2025-02-21,-4.8,-10.9,-7.3,-8.9,-14.8,7.7,19.1,46,9.57,29165.86,37676.0,0.62,0.0
2025-02-22,-5.1,-15.4,-10.7,-9.2,-19.4,5.9,14.8,134,12.02,35998.13,37899.19,0.69,0.0
2025-02-23,-0.8,-13.1,-7.9,-4.1,-17.6,8.7,16.9,256,12.03,36402.6,38123.6,0.85,0.0
2025-02-24,0.7,-13.1,-6.8,-3.0,-17.3,5.8,11.9,314,12.42,36347.71,38349.05,1.02,0.0
2025-02-25,-0.2,-12.4,-6.6,-3.4,-16.5,6.0,11.5,27,12.47,36667.11,38575.37,0.95,0.0
2025-02-26,3.8,-9.4,-3.5,-0.0,-13.7,10.3,21.6,151,12.6,36985.04,38802.37,1.29,0.0
2025-02-27,4.6,-4.9,-0.7,0.4,-9.5,13.0,34.2,170,11.37,35887.47,39029.88,1.23,0.0
2025-02-28,4.8,-2.7,0.7,0.3,-7.2,16.0,37.4,154,7.13,15584.27,39257.72,1.09,0.0
2025-03-01,0.8,-0.8,-0.0,-3.1,-5.1,11.8,29.5,176,2.57,0.0,39485.73,0.55,2.0
2025-03-02,5.9,-1.4,1.3,2.7,-4.8,11.7,24.1,239,7.73,21798.64,39713.75,0.86,0.1
2025-03-03,4.2,-0.4,2.0,0.2,-4.5,19.7,49.0,274,4.8,1981.1,39941.6,0.69,0.1
2025-03-04,8.6,2.9,5.3,3.7,-1.4,23.0,55.1,275,8.2,22202.35,40169.14,1.46,0.0
2025-03-05,10.8,4.8,7.6,5.9,-0.0,22.8,52.6,282,8.82,21611.15,40396.18,2.18,0.0
2025-03-06,17.2,7.2,10.8,12.2,1.3,21.8,48.6,277,13.71,38602.13,40622.59,3.7,0.0
2025-03-07,17.9,4.8,10.3,15.1,0.7,15.5,32.8,268,13.8,39003.03,40848.2,2.55,0.0
2025-03-08,16.9,1.3,9.0,14.9,-1.4,9.0,17.3,243,13.55,37745.66,41073.03,1.95,0.0
2025-03-09,17.5,2.7,9.2,14.2,-0.5,11.3,21.6,174,14.43,39436.66,41298.77,2.32,0.0
2025-03-10,15.6,4.1,8.9,11.9,0.5,15.1,36.4,175,11.84,35144.52,41525.73,2.12,0.0
2025-03-11,19.2,5.7,11.3,14.8,2.3,20.9,48.6,205,13.28,36351.79,41753.8,2.57,0.0
2025-03-12,14.1,7.8,10.6,12.0,5.1,22.0,53.3,228,8.44,17302.57,41982.81,1.41,1.5
2025-03-13,15.9,7.4,11.1,13.5,4.3,21.6,45.0,166,7.79,18000.0,42212.62,1.44,3.7
2025-03-14,14.8,8.8,11.9,11.4,6.4,19.8,47.5,247,14.04,39941.08,42443.09,2.48,0.0
2025-03-15,10.8,1.1,5.7,7.7,-2.9,17.0,40.7,14,6.46,14400.0,42674.08,0.94,7.3
2025-03-16,5.4,0.3,2.3,1.5,-3.7,12.5,33.5,359,12.36,29461.39,42905.45,1.32,0.3
2025-03-17,6.2,-2.2,0.7,1.6,-7.4,20.5,47.9,319,9.95,24260.08,43137.06,1.25,0.9
2025-03-18,3.6,-3.5,-0.2,-2.0,-9.2,20.3,49.7,329,16.53,40507.29,43368.77,2.08,0.0
2025-03-19,7.6,-0.7,2.8,4.0,-4.7,14.5,33.5,287,6.47,10215.45,43600.44,0.98,1.0
2025-03-20,11.3,0.2,5.2,9.0,-3.9,12.7,25.9,284,16.69,42851.28,43831.93,2.08,0.0
2025-03-21,13.7,1.2,7.0,9.8,-2.7,10.1,27.4,252,17.26,42985.19,44063.1,2.46,0.0
2025-03-22,14.5,0.6,7.5,11.1,-2.3,11.8,23.8,72,15.94,43118.82,44293.82,2.43,0.0
2025-03-23,12.2,4.4,8.0,7.4,1.1,22.4,53.3,155,14.41,31866.02,44523.95,2.51,0.3
2025-03-24,11.1,5.1,7.9,6.6,0.4,29.5,68.0,157,6.6,4556.58,44753.33,1.67,4.3
2025-03-25,12.6,6.7,9.1,10.6,3.4,14.5,33.8,242,6.35,1009.52,44981.84,1.15,10.9
2025-03-26,9.9,4.2,6.7,7.6,1.1,11.1,25.9,290,15.18,34188.82,45209.32,2.0,0.0
2025-03-27,14.1,2.6,8.1,11.3,-0.7,10.1,22.3,235,14.51,33235.27,45435.63,2.18,0.0
2025-03-28,12.0,4.8,8.4,9.3,2.3,11.0,25.6,358,15.43,43200.0,45660.78,2.12,0.0
2025-03-29,14.6,3.7,8.7,11.6,0.4,16.3,39.2,68,18.76,43200.0,45886.33,2.76,0.0
2025-03-30,14.4,4.8,8.9,10.8,1.9,15.8,39.6,84,14.32,30855.44,46112.6,2.18,1.4
2025-03-31,12.8,7.9,9.7,11.2,6.1,10.3,22.3,51,3.99,0.0,46339.46,0.77,1.3
2025-04-01,9.5,7.8,8.8,7.6,5.6,14.4,36.0,326,3.07,0.0,46566.78,0.5,14.9
2025-04-02,9.7,7.2,8.3,7.5,4.4,20.3,43.2,8,2.33,0.0,46794.42,0.41,10.9
2025-04-03,15.4,5.8,10.4,12.5,2.9,15.4,36.0,19,19.17,43435.55,47022.27,2.82,0.3
2025-04-04,19.2,6.1,12.6,17.0,3.3,12.1,30.6,282,18.27,43389.07,47250.16,3.24,0.0
2025-04-05,14.1,4.4,9.6,11.0,0.4,15.9,42.1,292,10.91,21784.57,47477.99,2.0,1.2
2025-04-06,6.9,0.3,3.1,3.0,-4.2,14.9,36.4,306,12.44,23529.64,47705.6,1.7,3.3
2025-04-07,2.0,-2.5,-0.3,-3.5,-7.2,21.4,52.2,279,15.04,33670.93,47932.86,1.52,1.1
2025-04-08,4.3,-3.0,-0.0,-1.1,-7.6,19.5,48.2,306,16.32,38973.86,48159.62,1.88,0.4
2025-04-09,4.1,-3.2,0.6,1.2,-7.2,11.7,29.2,279,17.31,39138.99,48385.75,1.99,0.2
2025-04-10,1.5,-2.0,0.2,-2.3,-6.9,20.1,48.6,302,7.92,2662.19,48611.08,1.01,5.4
2025-04-11,5.4,-3.8,0.8,1.7,-8.5,13.0,28.8,339,22.37,44871.0,48835.47,2.27,0.0
2025-04-12,9.4,-0.7,4.7,6.6,-4.8,8.8,18.4,286,14.46,30457.83,49058.77,1.93,0.0
2025-04-13,14.4,1.6,8.0,11.5,-1.7,11.3,24.1,230,20.99,47476.98,49280.81,2.9,0.0
2025-04-14,16.5,5.6,10.9,12.5,1.8,18.3,46.1,186,21.84,46201.46,49501.43,3.75,0.0
2025-04-15,17.4,5.8,11.4,12.9,2.0,17.5,43.6,171,18.05,31000.36,49720.48,3.66,0.0
2025-04-16,15.1,9.8,12.1,11.7,6.6,18.5,41.4,159,5.46,1280.03,49937.77,2.0,1.6
2025-04-17,23.0,10.6,16.1,19.7,7.4,17.5,44.6,173,21.11,49501.75,50153.29,4.45,0.0
2025-04-18,23.6,11.2,17.1,20.0,8.5,14.6,39.2,169,22.56,49715.11,50368.57,4.77,0.0
2025-04-19,22.7,11.9,17.3,19.0,9.3,12.7,34.9,149,20.97,47276.55,50583.9,4.61,0.0
2025-04-20,24.3,10.9,18.0,21.5,7.6,9.6,27.0,142,23.62,50118.2,50799.15,4.82,0.0
2025-04-21,25.2,11.1,18.6,23.2,8.3,11.8,27.4,145,23.46,50212.77,51014.17,4.85,0.0
2025-04-22,25.1,12.6,19.2,22.8,10.0,10.8,30.6,141,23.85,50307.4,51228.8,5.13,0.0
2025-04-23,26.2,13.2,20.7,24.1,10.7,13.1,28.8,175,23.74,50400.0,51442.89,5.4,0.0
2025-04-24,26.0,13.8,20.1,24.8,11.7,12.9,33.5,298,22.36,48223.64,51656.29,4.94,0.0
2025-04-25,24.5,13.4,18.8,24.0,12.1,17.1,44.6,343,22.69,48420.28,51868.81,4.56,0.1
2025-04-26,14.9,8.1,11.4,12.5,4.1,19.3,50.8,360,19.57,39437.95,52080.31,3.47,2.6
2025-04-27,12.2,2.8,7.6,5.8,-1.6,21.3,55.1,340,23.16,50400.0,52290.61,3.65,0.0
2025-04-28,16.4,2.6,10.0,12.6,-1.7,10.7,27.7,235,24.67,49829.16,52499.53,4.12,0.0
2025-04-29,20.6,7.6,14.3,15.5,3.6,19.2,47.5,258,21.89,43450.11,52706.89,4.79,0.0
2025-04-30,20.0,9.9,15.5,16.1,6.8,14.4,38.2,305,19.65,44438.8,52912.49,4.32,0.0
2025-05-01,18.9,10.4,14.2,14.4,6.6,23.7,59.4,300,23.19,50400.0,53116.15,4.9,0.0
2025-05-02,16.8,5.1,11.2,13.7,2.0,10.8,27.0,344,26.49,50400.0,53317.67,4.01,0.0
2025-05-03,24.8,8.4,16.4,22.6,3.9,20.9,56.2,221,22.42,49001.92,53516.84,5.21,3.5
2025-05-04,26.4,14.4,19.8,23.6,12.5,20.9,61.6,216,19.46,43172.09,53713.46,4.86,8.2
2025-05-05,17.2,11.9,14.2,15.7,9.6,11.6,25.2,337,9.13,6678.97,53907.3,1.83,2.2
2025-05-06,13.2,7.1,10.2,11.0,3.9,12.8,29.2,31,11.19,8740.44,54098.16,2.06,5.7
2025-05-07,15.4,8.4,11.0,13.0,6.6,16.4,37.4,358,13.12,19646.34,54285.95,2.26,3.4
2025-05-08,12.1,5.7,9.4,8.9,2.4,14.7,33.1,337,18.59,35527.48,54472.1,2.87,0.0
2025-05-09,10.6,6.2,8.1,6.4,3.2,13.1,34.9,13,9.87,1273.29,54656.89,2.03,1.3
2025-05-10,11.9,5.0,7.9,8.2,1.5,13.0,32.4,294,16.89,29809.37,54840.14,2.69,2.7
2025-05-11,12.4,4.3,8.7,9.5,2.3,9.8,28.8,349,22.1,46036.77,55021.69,3.0,2.0
2025-05-12,13.8,5.3,9.7,11.4,2.6,13.4,33.5,338,24.67,50673.92,55201.36,3.61,0.2
2025-05-13,14.2,5.6,10.3,11.6,2.8,13.8,38.9,308,20.01,45859.92,55378.96,3.14,0.7
2025-05-14,17.0,5.8,11.8,13.4,2.6,13.2,32.8,266,21.73,44636.95,55554.32,3.93,0.2
2025-05-15,19.1,9.8,13.6,15.0,6.5,24.6,57.6,208,16.51,23140.73,55727.25,3.43,4.9
2025-05-16,11.8,6.6,7.8,10.5,4.4,10.1,24.5,335,3.91,0.0,55897.54,0.75,12.8
2025-05-17,12.7,6.6,10.2,11.7,4.5,10.1,29.2,122,5.6,18.08,56065.01,0.98,4.4
2025-05-18,17.1,8.7,12.3,14.8,6.6,14.9,40.0,270,18.01,33728.33,56229.44,2.99,2.0
2025-05-19,17.2,8.6,12.6,16.0,6.9,8.9,24.1,264,18.71,34344.43,56390.62,2.96,0.4
2025-05-20,17.0,8.4,12.7,13.8,6.4,18.8,45.4,297,19.05,43084.03,56548.36,3.09,2.3
2025-05-21,22.9,10.4,16.8,20.5,7.8,15.0,39.2,266,27.0,54272.74,56702.42,5.12,0.0
2025-05-22,24.0,12.8,18.9,20.9,11.2,18.0,50.0,191,24.42,52850.14,56852.59,5.4,0.0
2025-05-23,24.8,14.8,19.8,22.7,12.0,19.9,54.0,161,24.4,51431.86,56998.64,5.62,0.0
2025-05-24,23.2,15.8,18.4,21.0,14.7,17.9,49.7,148,15.21,31037.96,57140.34,3.24,6.9
2025-05-25,24.9,13.6,17.4,23.5,13.0,12.9,35.6,31,9.03,1464.45,57277.45,1.91,5.8
2025-05-26,19.4,15.2,16.7,19.6,15.5,16.6,41.0,140,6.59,940.22,57409.75,1.24,22.4
2025-05-27,21.6,15.1,17.8,21.2,15.0,15.6,39.2,96,13.95,17209.41,57537.11,2.71,6.3
2025-05-28,19.5,15.1,16.7,20.3,15.2,14.8,37.1,125,12.55,14998.41,57660.54,2.14,17.2
2025-05-29,19.1,13.4,16.3,18.3,13.2,12.7,32.8,166,20.53,48423.22,57780.25,3.23,1.8
2025-05-30,21.0,13.1,16.9,21.5,12.7,15.2,36.7,280,21.41,55077.9,57896.07,3.61,0.8
2025-05-31,23.4,12.6,17.8,21.9,11.5,13.4,34.9,309,28.04,54724.98,58007.88,5.13,0.0
2025-06-01,23.6,14.4,19.1,22.4,14.0,12.3,32.4,312,24.92,57244.51,58115.55,4.6,0.1
2025-06-02,26.1,14.4,20.5,26.1,14.0,12.9,34.6,209,25.2,50557.44,58218.95,4.95,0.1
2025-06-03,29.1,17.3,22.1,30.3,18.6,14.5,45.7,237,25.04,44472.91,58317.9,5.04,14.4
2025-06-04,23.3,15.6,19.6,22.3,15.4,16.6,37.8,319,22.78,55989.61,58412.31,4.22,0.8
2025-06-05,27.0,14.9,21.4,25.8,14.1,16.1,41.0,176,27.99,54426.46,58502.03,5.81,0.0
2025-06-06,30.4,20.2,25.3,32.8,20.8,15.3,47.5,210,25.47,57524.77,58586.91,5.91,1.0
2025-06-07,32.0,20.4,26.6,33.3,22.1,11.6,33.1,224,26.64,55683.96,58666.81,6.05,0.0
2025-06-08,33.0,22.3,27.3,33.5,22.5,17.4,46.4,205,26.81,57600.0,58741.63,6.74,0.4
2025-06-09,25.1,18.0,22.4,27.1,15.8,18.3,47.9,273,26.69,56181.87,58811.2,6.02,0.0
2025-06-10,21.2,12.6,17.6,18.5,11.0,14.8,40.0,298,25.49,57600.0,58875.39,5.05,0.1
2025-06-11,21.5,12.5,17.5,19.0,10.8,13.4,34.9,164,17.73,30215.32,58934.11,3.85,7.1
2025-06-12,19.0,13.1,15.5,16.3,10.9,23.8,61.9,290,20.06,35546.19,58987.18,3.7,3.0
2025-06-13,19.6,11.2,14.8,17.3,8.4,23.9,56.2,308,15.22,31822.82,59034.5,2.82,11.2
2025-06-14,20.9,12.9,16.5,19.1,11.3,20.5,50.8,329,19.15,40741.99,59075.96,3.73,11.7
2025-06-15,22.8,14.8,18.8,20.0,13.0,20.7,54.4,343,26.57,54662.37,59111.42,5.37,0.6
2025-06-16,25.6,13.8,20.6,24.1,11.9,18.0,46.8,344,27.0,54000.0,59140.8,5.66,0.0
2025-06-17,23.6,16.1,20.4,22.6,15.3,20.2,50.4,299,17.55,36989.36,59164.3,4.24,0.9
2025-06-18,25.6,15.2,20.7,23.5,13.6,20.6,52.6,296,26.85,55519.93,59181.97,6.08,0.0
2025-06-19,23.1,18.0,20.4,19.9,15.4,20.6,52.6,291,24.03,45631.59,59193.85,5.79,0.1
2025-06-20,19.2,12.7,15.4,15.1,8.1,27.7,67.7,296,20.04,45290.43,59199.97,4.38,2.0
2025-06-21,19.6,12.1,15.7,16.8,10.3,21.1,51.8,319,16.83,35452.38,59200.38,3.37,3.1
2025-06-22,21.6,12.1,17.1,19.7,9.8,20.7,55.1,279,21.53,53138.64,59195.08,4.34,6.2
2025-06-23,21.3,11.6,16.6,19.6,9.1,17.4,42.5,340,22.18,54426.99,59184.13,4.18,0.0
2025-06-24,23.7,14.3,18.7,22.9,12.2,17.2,42.1,240,18.2,45069.24,59167.59,4.01,2.3
2025-06-25,25.2,14.6,20.2,23.7,12.5,20.0,51.8,262,24.38,53625.4,59145.47,5.6,0.0
2025-06-26,22.0,15.0,18.6,18.9,12.1,25.5,59.8,299,21.01,50479.92,59117.87,4.73,2.5
2025-06-27,25.0,12.9,18.7,24.3,11.3,10.9,29.9,253,21.46,38898.98,59084.81,4.34,2.4
2025-06-28,21.4,16.1,18.0,19.9,14.7,22.8,58.7,302,20.94,44340.16,59046.37,3.73,6.8
2025-06-29,23.5,14.3,19.3,23.4,12.1,17.5,43.6,309,22.04,47080.75,59002.61,4.48,0.1
2025-06-30,22.0,14.9,18.6,19.5,12.4,27.1,67.0,303,25.74,52011.54,58953.58,5.55,1.0
2025-07-01,21.9,13.1,17.5,18.3,10.3,21.6,54.7,314,22.7,57093.46,58899.38,4.93,0.1
2025-07-02,25.4,14.6,20.2,21.5,12.9,24.0,57.6,325,24.76,56334.16,58840.04,5.83,0.0
2025-07-03,30.6,15.4,23.9,30.7,14.5,11.5,33.5,338,28.27,57600.0,58775.68,6.2,0.0
2025-07-04,33.2,20.4,26.1,33.7,20.2,14.5,40.3,294,26.67,57600.0,58706.34,6.64,0.4
2025-07-05,26.0,15.7,21.5,24.0,14.6,15.4,36.7,352,26.91,57563.61,58632.12,5.62,1.7
2025-07-06,29.1,16.2,23.5,27.5,14.6,13.9,38.2,177,25.32,51711.16,58553.0,6.21,0.0
2025-07-07,33.7,19.5,26.8,33.1,19.4,15.6,40.7,166,26.8,57451.59,58468.27,6.96,0.0
2025-07-08,32.2,24.1,28.5,33.3,23.3,19.5,45.4,188,26.32,57415.04,58377.86,7.35,0.6
2025-07-09,31.0,22.9,27.3,31.7,22.3,13.5,32.8,165,21.21,46809.24,58282.0,5.79,0.6
2025-07-10,29.5,20.9,25.5,30.0,19.6,17.7,47.9,179,24.88,57303.54,58180.89,6.25,1.2
2025-07-11,28.8,15.6,21.5,28.4,15.2,13.3,42.1,269,25.48,51493.47,58074.71,5.57,0.0
2025-07-12,28.5,16.7,22.7,27.8,16.1,11.2,28.8,356,27.31,55542.56,57963.67,5.66,0.0
2025-07-13,29.1,19.0,24.8,28.9,19.4,7.8,23.4,316,24.82,56003.84,57847.98,5.24,0.0
2025-07-14,31.2,19.4,26.1,31.6,19.8,8.8,20.9,139,25.34,56464.75,57727.82,5.44,0.0
2025-07-15,30.5,20.9,26.2,30.4,21.3,14.0,35.6,300,24.91,55744.1,57603.42,6.11,0.0
2025-07-16,28.9,19.5,24.2,29.5,19.5,14.3,50.4,267,22.23,46157.5,57474.95,4.99,0.8
2025-07-17,23.2,17.9,20.3,25.7,18.8,13.1,31.3,305,16.32,33751.74,57342.61,2.98,13.6
2025-07-18,22.1,17.5,19.2,22.1,18.8,14.0,39.2,79,10.29,8775.56,57206.59,1.96,6.1
2025-07-19,21.6,17.3,18.6,20.9,17.4,12.0,32.0,177,14.49,27036.53,57067.07,2.63,6.7
2025-07-20,22.1,16.6,18.7,22.6,16.7,15.3,39.2,231,12.45,17645.76,56924.25,2.29,17.4
2025-07-21,25.8,17.0,20.9,27.2,17.9,12.2,36.0,273,22.09,42239.07,56778.3,4.14,1.2
2025-07-22,29.0,18.2,23.0,30.5,19.5,13.3,32.4,247,23.34,46333.98,56629.41,4.55,12.6
2025-07-23,26.7,18.5,22.5,26.1,19.0,21.2,55.1,287,22.79,46271.32,56477.75,4.88,0.3
2025-07-24,28.8,17.1,23.2,28.8,17.1,11.2,29.2,281,25.0,52358.1,56323.49,5.32,0.0
2025-07-25,29.6,19.8,24.2,31.7,21.5,14.2,37.1,62,20.74,50871.39,56166.8,4.12,5.4
2025-07-26,28.1,19.8,24.2,29.9,22.9,8.5,18.4,313,20.87,47506.07,56007.7,4.22,0.5
2025-07-27,28.5,20.8,24.5,29.7,22.5,11.4,27.4,112,14.75,22839.9,55844.89,3.56,0.1
2025-07-28,28.9,20.1,23.9,31.3,21.6,14.8,36.0,104,13.91,15611.89,55678.2,3.31,9.7
2025-07-29,27.9,19.8,23.2,27.8,20.9,15.9,41.8,113,18.0,30954.51,55507.87,4.13,10.0
2025-07-30,20.6,17.5,19.4,22.7,17.5,16.5,44.6,281,7.77,10264.5,55334.14,1.47,27.5
2025-07-31,21.5,15.9,18.6,20.8,14.9,18.8,47.2,296,13.01,24865.33,55157.23,2.85,0.0
2025-08-01,24.3,13.1,19.3,24.1,11.5,13.1,31.3,288,24.35,50930.04,54977.36,4.68,0.2
2025-08-02,26.4,15.1,21.3,28.0,14.9,7.8,14.8,239,24.06,50571.6,54794.74,4.52,0.0
2025-08-03,27.0,17.8,22.6,27.2,18.4,10.1,28.4,55,22.84,50400.0,54609.59,4.73,0.0
2025-08-04,28.1,18.5,23.7,27.6,19.5,10.7,30.6,343,23.15,50400.0,54422.11,5.14,0.0
2025-08-05,29.0,17.8,23.6,29.1,18.3,11.3,32.4,288,23.38,50400.0,54232.51,4.99,0.1
2025-08-06,28.4,19.2,22.7,29.9,20.2,20.4,49.0,247,19.89,46800.0,54040.97,3.94,2.9
2025-08-07,23.0,14.5,19.1,21.9,13.8,13.9,32.8,331,24.43,50400.0,53847.69,4.52,0.0
2025-08-08,23.5,13.8,19.1,24.1,14.3,8.5,21.6,167,23.29,46800.0,53652.84,4.29,0.0
2025-08-09,25.0,15.5,20.5,24.1,14.7,13.0,33.8,296,22.52,48988.16,53456.61,4.5,4.0
2025-08-10,26.8,14.1,21.2,26.3,14.1,10.9,24.8,262,23.7,50400.0,53259.18,4.56,0.1
2025-08-11,22.4,16.2,19.1,19.8,15.1,20.1,49.7,306,20.52,46800.0,53060.71,4.19,4.5
2025-08-12,24.0,13.3,19.0,22.0,11.8,14.6,37.1,301,19.59,47874.5,52861.37,4.25,0.0
2025-08-13,25.9,14.1,20.4,24.7,13.0,8.9,27.0,310,21.47,50400.0,52661.31,4.23,0.0
2025-08-14,26.6,14.6,21.2,24.9,14.4,12.8,34.2,349,21.66,50400.0,52460.7,4.66,0.0
2025-08-15,24.3,15.1,20.1,23.0,14.4,11.5,32.8,6,23.55,50400.0,52259.53,4.67,0.0
2025-08-16,27.1,14.9,21.4,26.3,14.9,10.5,27.7,217,23.31,50400.0,52056.33,4.84,0.0
2025-08-17,26.7,17.5,21.9,26.6,16.5,14.8,38.9,286,20.41,50400.0,51850.88,4.82,0.2
2025-08-18,21.7,14.2,18.2,19.2,12.7,15.0,39.6,327,18.91,49725.84,51643.34,4.04,0.2
2025-08-19,23.5,11.4,17.8,21.0,9.6,12.0,32.0,291,20.6,50400.0,51433.91,4.06,0.0
2025-08-20,24.5,14.0,19.7,22.2,12.4,12.7,33.8,232,18.18,42973.05,51222.77,4.04,0.0
2025-08-21,26.6,16.0,21.6,25.5,14.9,12.5,37.4,253,20.35,46283.54,51010.1,4.52,1.0
2025-08-22,24.0,16.4,19.1,25.3,16.3,13.2,29.2,20,8.52,10800.0,50796.06,1.78,5.1
2025-08-23,21.1,14.5,17.4,19.3,13.9,13.4,34.6,325,17.33,42935.78,50580.82,3.31,0.3
2025-08-24,17.6,11.6,14.0,15.5,9.3,16.7,38.2,270,15.59,30086.19,50364.54,2.73,2.5
2025-08-25,19.3,10.2,14.7,16.0,7.4,19.2,45.7,259,20.29,49466.69,50147.36,3.96,0.0
2025-08-26,17.6,10.9,14.0,14.7,8.8,18.8,46.8,257,15.05,33695.3,49929.47,2.73,7.7
2025-08-27,22.6,10.9,16.4,20.2,8.7,11.7,32.4,265,20.05,48805.9,49710.99,3.83,0.0
2025-08-28,25.2,11.5,18.1,24.3,10.2,12.0,24.1,140,21.2,48402.46,49492.08,4.02,0.0
2025-08-29,29.1,15.6,22.0,26.2,14.0,17.5,44.6,168,21.32,48229.85,49272.88,5.39,0.0
2025-08-30,30.5,16.8,23.6,28.0,14.6,14.9,40.0,150,21.27,47590.53,49053.53,5.71,0.0
2025-08-31,31.5,17.8,24.6,30.8,16.8,10.5,27.7,79,20.32,46220.41,48834.16,4.82,0.0
2025-09-01,30.5,19.1,24.5,28.9,19.6,16.7,42.1,24,17.26,42328.45,48614.91,4.78,0.1
2025-09-02,24.9,17.5,21.1,23.8,17.0,14.9,33.5,15,20.41,45323.55,48395.91,4.25,0.0
2025-09-03,25.0,14.1,19.7,24.4,13.9,9.0,19.4,55,20.51,45060.56,48177.3,3.74,0.0
2025-09-04,26.0,14.6,20.3,25.3,15.4,9.3,21.2,64,19.97,44069.68,47959.04,3.8,0.0
2025-09-05,24.0,14.1,19.3,22.8,13.4,8.8,24.1,98,19.66,44539.12,47739.68,3.78,0.0
2025-09-06,23.9,14.5,19.4,22.7,14.5,10.8,28.8,72,18.92,43618.7,47518.93,3.74,0.0
2025-09-07,22.8,13.4,18.5,20.7,12.3,13.1,35.3,41,16.13,37316.18,47296.95,3.51,0.0
2025-09-08,24.0,13.9,18.4,23.9,13.3,16.2,43.9,51,15.82,42948.39,47073.87,3.03,0.9
2025-09-09,24.4,13.9,19.0,23.9,13.3,10.7,28.8,71,18.22,43386.73,46849.84,3.41,0.0
2025-09-10,25.3,15.9,20.4,25.6,16.6,13.1,33.8,89,17.45,43200.0,46625.0,3.51,0.1
2025-09-11,22.9,14.1,18.4,19.6,12.1,15.0,38.2,117,18.73,43200.0,46399.48,4.12,0.0
2025-09-12,23.2,13.3,18.5,20.0,11.0,14.3,37.8,124,15.61,39098.86,46173.42,3.87,0.0
2025-09-13,23.1,15.1,18.5,20.8,13.5,14.0,34.6,122,10.54,28304.35,45946.95,3.07,0.0
2025-09-14,21.3,12.6,17.1,17.4,9.5,16.8,42.8,139,18.18,42780.02,45720.19,4.32,0.0
2025-09-15,23.0,12.6,17.5,19.1,10.0,18.3,46.8,156,14.26,35802.47,45493.27,3.69,0.2
2025-09-16,24.8,13.8,18.9,21.5,14.1,12.3,33.1,168,17.45,43200.0,45266.33,3.85,0.0
2025-09-17,17.7,13.1,14.3,15.6,12.3,10.2,20.5,205,1.85,0.0,45039.49,0.79,16.9
2025-09-18,18.3,10.9,14.3,15.9,8.9,20.2,49.3,325,13.79,43181.86,44812.87,2.41,0.0
2025-09-19,19.8,9.8,14.8,18.3,7.8,16.2,39.6,274,12.77,37410.53,44586.61,2.29,0.0
2025-09-20,20.9,13.6,17.0,20.1,12.3,14.2,32.0,309,15.63,42913.57,44360.81,2.62,0.0
2025-09-21,26.0,13.1,18.9,26.3,11.8,13.1,31.0,215,16.19,42780.28,44135.61,3.2,0.0
2025-09-22,26.3,15.1,19.9,24.1,13.4,14.6,35.3,201,16.38,42647.74,43911.13,3.92,0.0
2025-09-23,24.6,13.6,18.8,24.3,11.7,13.9,35.6,216,16.0,42516.05,43687.5,3.3,0.0
2025-09-24,15.9,11.7,13.4,14.7,7.7,15.7,41.0,7,8.76,14553.13,43464.68,2.11,0.4
2025-09-25,13.3,6.8,10.2,9.6,4.1,14.4,34.2,12,16.09,42253.11,43241.17,2.55,0.0
2025-09-26,13.7,5.1,9.5,10.9,2.4,8.2,23.0,19,15.71,41958.38,43016.67,2.17,0.0
2025-09-27,14.6,3.7,9.5,12.7,1.6,6.7,12.6,337,14.45,34112.27,42791.32,1.99,0.0
2025-09-28,11.4,7.4,9.1,9.9,5.1,6.9,14.0,92,4.65,10800.0,42565.25,0.75,0.9
2025-09-29,12.4,7.3,9.4,10.0,5.3,16.3,37.4,70,5.76,7003.23,42338.61,0.97,1.7
2025-09-30,12.9,8.0,10.4,8.8,3.9,18.6,45.4,79,8.09,13002.96,42111.53,2.02,0.2
2025-10-01,8.4,4.1,6.5,3.7,0.2,17.2,43.6,61,5.03,2436.73,41884.14,1.48,3.6
2025-10-02,7.8,4.1,5.9,5.8,0.8,11.8,34.2,26,3.61,0.0,41656.59,0.59,2.3
2025-10-03,12.1,5.9,8.5,9.3,3.5,14.1,35.3,21,6.82,9059.67,41429.0,1.05,0.0
2025-10-04,14.8,6.4,10.3,12.0,3.1,11.4,27.0,96,11.72,31263.89,41201.52,1.89,1.2
2025-10-05,13.8,9.9,11.3,11.4,8.1,15.4,38.5,233,7.18,17564.73,40974.3,1.26,0.9
2025-10-06,13.0,8.2,10.8,11.7,6.9,9.0,18.7,255,7.14,18911.36,40747.46,1.02,0.8
2025-10-07,12.9,9.2,10.7,11.0,7.6,11.7,25.2,16,5.19,1619.48,40521.16,0.87,4.5
2025-10-08,14.4,10.1,11.5,12.7,8.2,14.7,34.6,20,4.53,3988.68,40295.53,0.74,3.7
2025-10-09,12.6,10.7,11.4,10.2,9.0,17.3,41.0,0,3.14,0.0,40070.73,0.57,5.6
2025-10-10,13.6,9.9,11.2,10.7,7.5,18.3,42.5,308,4.47,7200.0,39846.9,0.87,5.9
2025-10-11,11.1,7.2,9.8,8.8,4.4,16.5,38.9,319,3.85,3203.49,39624.19,0.71,9.0
2025-10-12,13.7,7.8,10.8,10.6,5.0,20.7,47.5,287,9.69,28951.08,39402.77,1.75,0.7
2025-10-13,10.0,4.3,6.9,6.8,0.4,19.6,48.2,294,7.61,24998.68,39182.77,1.2,1.1
2025-10-14,7.3,4.2,5.5,4.0,1.0,14.5,35.6,281,4.89,14400.0,38964.2,0.73,0.8
2025-10-15,8.4,3.2,6.1,4.8,0.1,13.5,34.6,276,5.23,8326.55,38745.38,1.02,0.0
2025-10-16,11.0,5.3,7.9,8.4,2.4,13.4,32.4,256,5.15,16460.1,38525.98,0.94,0.0
2025-10-17,12.7,6.3,9.3,9.9,3.3,12.7,32.0,229,6.75,19672.88,38306.16,1.17,0.0
2025-10-18,12.1,7.8,9.9,9.8,5.6,10.3,29.2,213,4.97,19413.11,38086.09,0.86,0.4
2025-10-19,7.1,4.0,5.9,4.7,1.1,10.5,25.6,279,4.16,6906.8,37865.95,0.6,3.4
2025-10-20,8.8,1.1,5.5,5.5,-1.3,14.2,34.9,323,5.27,6439.5,37645.88,0.76,0.0
2025-10-21,8.6,3.7,6.1,6.4,0.9,11.3,24.8,319,4.39,1395.72,37426.09,0.6,0.0
2025-10-22,8.4,3.4,6.0,5.6,-0.0,12.9,31.0,119,3.99,7012.52,37206.73,0.6,0.2
2025-10-23,13.9,6.7,10.1,11.3,4.2,16.8,43.6,156,3.35,3600.0,36988.0,0.8,0.0
2025-10-24,13.6,10.9,12.3,11.1,8.5,19.8,44.3,139,2.51,0.0,36770.08,0.69,1.5
2025-10-25,12.6,6.7,9.5,11.3,2.9,22.6,56.9,249,2.37,1561.91,36553.15,0.76,11.6
2025-10-26,12.6,4.3,7.7,9.5,0.7,13.2,32.4,197,5.92,19387.4,36337.41,1.21,0.0
2025-10-27,12.5,5.2,7.9,10.0,2.4,10.9,22.3,228,6.89,22083.18,36123.07,1.09,0.5
2025-10-28,11.5,4.9,7.4,7.9,1.8,15.9,45.4,236,7.23,25719.38,35910.32,1.19,0.8
2025-10-29,11.3,5.4,7.9,7.5,2.0,21.5,52.2,252,5.15,22179.67,35699.37,1.02,0.8
2025-10-30,14.6,4.7,9.4,11.1,1.8,16.5,36.7,195,7.7,25701.62,35490.44,1.47,0.0
2025-10-31,12.4,8.2,10.3,9.4,4.4,26.3,64.8,267,5.43,17549.39,35283.75,1.62,0.9
2025-11-01,10.8,6.1,8.8,8.8,2.7,18.0,41.0,292,4.97,16749.72,35079.52,0.95,0.0
2025-11-02,11.2,3.2,7.1,8.3,-0.1,14.5,30.6,158,6.69,30324.85,34877.98,0.93,0.0
2025-11-03,13.6,7.7,10.0,10.7,4.6,18.3,42.5,167,7.69,32465.43,34679.18,1.06,0.0
2025-11-04,12.4,9.1,10.5,11.7,7.1,12.3,27.7,156,2.2,0.0,34481.3,0.4,2.3
2025-11-05,10.8,9.3,9.9,9.5,8.0,8.2,17.6,46,1.9,0.0,34283.99,0.38,0.7
2025-11-06,10.3,7.8,9.4,8.9,5.6,7.6,17.6,142,2.61,0.0,34087.45,0.47,0.0
2025-11-07,8.8,6.2,7.5,6.9,3.9,6.3,14.8,168,3.64,4055.42,33891.89,0.49,0.0
2025-11-08,7.1,4.9,5.9,4.4,1.9,8.8,22.0,175,2.92,1887.97,33697.53,0.46,0.0
2025-11-09,8.9,6.3,7.6,7.3,4.3,10.7,25.6,154,1.66,0.0,33504.57,0.33,0.4
2025-11-10,12.4,8.9,10.2,10.8,7.4,8.0,20.9,195,2.71,746.62,33313.25,0.51,0.3
2025-11-11,9.6,7.7,9.0,8.3,4.8,13.0,29.9,336,1.5,0.0,33123.79,0.26,6.7
2025-11-12,8.1,6.1,7.0,5.1,3.2,12.5,31.0,306,1.89,224.48,32936.43,0.4,1.2
2025-11-13,7.7,4.2,5.9,5.1,1.1,9.8,22.7,291,3.87,16172.0,32751.41,0.61,0.0
2025-11-14,10.4,3.8,6.6,7.2,-0.0,15.5,32.8,202,5.82,26752.81,32568.97,0.84,0.0
2025-11-15,10.3,2.9,7.0,6.8,-1.2,18.4,44.6,266,3.7,11957.23,32389.37,0.87,1.2
2025-11-16,4.1,-1.1,1.6,0.5,-4.8,14.2,30.6,125,1.97,528.12,32212.87,0.3,1.4
2025-11-17,12.5,4.4,8.4,10.0,0.9,16.9,37.8,180,4.02,14400.0,32039.73,0.7,8.2
2025-11-18,10.9,1.1,6.7,7.6,-2.4,20.2,49.7,263,2.38,7200.0,31870.22,0.84,1.3
2025-11-19,3.4,-1.1,0.6,0.6,-4.1,9.4,20.5,209,5.76,25549.13,31704.63,0.51,0.0
2025-11-20,3.8,-0.8,1.1,0.8,-4.8,14.3,32.8,142,0.77,0.0,31543.23,0.17,0.3
2025-11-21,10.3,3.9,6.2,8.8,1.1,12.4,24.8,140,1.1,0.0,31386.32,0.18,1.3
2025-11-22,8.6,2.7,4.8,6.9,-1.1,13.8,30.6,354,0.88,0.0,31234.19,0.18,2.9
2025-11-23,4.3,1.4,3.0,2.5,-2.3,13.4,33.5,27,0.66,0.0,31086.95,0.17,11.4
2025-11-24,3.5,0.3,2.2,0.1,-3.8,15.1,37.8,252,4.08,18530.93,30943.04,0.49,1.7
2025-11-25,7.1,2.8,4.6,4.1,-1.0,15.7,38.5,165,3.63,15506.36,30802.14,0.48,0.0
2025-11-26,11.2,8.0,9.6,8.7,5.1,16.9,37.1,150,1.48,0.0,30664.47,0.39,0.4
2025-11-27,11.1,4.2,9.1,10.3,0.8,13.7,29.5,250,1.6,1564.33,30530.21,0.32,3.5
2025-11-28,3.7,2.3,3.0,0.8,-0.9,11.1,26.6,11,1.75,0.0,30399.56,0.29,0.3
2025-11-29,6.9,3.2,5.0,4.8,0.7,8.6,19.1,110,1.32,0.0,30272.72,0.22,0.0
2025-11-30,5.1,2.4,4.0,2.8,-0.9,11.6,28.1,88,1.58,0.0,30149.9,0.24,0.0
2025-12-01,4.6,2.2,3.2,2.2,-1.2,8.3,20.5,80,1.16,0.0,30031.29,0.21,0.5
2025-12-02,4.2,3.2,3.8,2.0,0.8,5.4,13.3,42,1.03,0.0,29917.12,0.2,0.5
2025-12-03,6.1,4.2,5.1,3.6,1.9,12.2,24.5,120,0.63,0.0,29807.58,0.14,1.2
2025-12-04,6.2,4.4,5.6,3.6,1.2,14.6,33.1,136,0.77,0.0,29702.89,0.18,1.4
2025-12-05,5.8,2.8,4.7,2.7,-1.0,14.2,34.9,139,1.76,0.0,29603.26,0.35,0.0
2025-12-06,2.5,-0.2,1.1,-1.3,-4.1,14.5,34.6,112,3.47,21600.0,29508.9,0.43,0.0
2025-12-07,3.7,0.7,2.1,0.7,-3.1,12.6,30.6,118,1.37,0.0,29420.03,0.22,0.0
2025-12-08,1.9,-0.4,1.0,-1.1,-4.2,10.2,24.8,116,1.31,0.0,29336.86,0.21,0.0
2025-12-09,3.5,0.7,1.9,-0.3,-2.7,16.0,33.5,197,1.36,572.89,29259.6,0.25,4.3
2025-12-10,8.1,4.0,5.7,5.8,0.4,14.0,29.5,277,2.25,7940.79,29188.47,0.3,0.4
2025-12-11,8.1,3.8,6.4,5.7,0.9,13.6,28.4,242,1.0,0.0,29123.66,0.18,0.4
2025-12-12,7.8,5.9,6.9,4.7,2.7,21.0,47.2,287,1.04,0.0,29065.4,0.28,0.8
2025-12-13,6.3,-2.8,-0.5,2.3,-7.6,22.9,51.1,345,3.96,26595.15,29013.8,0.52,0.5
2025-12-14,0.2,-2.6,-1.4,-2.5,-6.8,11.5,26.3,145,1.23,0.0,28968.26,0.19,3.9
2025-12-15,3.7,-1.1,1.5,0.3,-4.4,13.2,28.1,278,1.67,0.0,28928.59,0.24,1.6
2025-12-16,2.3,0.6,1.5,-0.2,-2.5,10.9,21.2,266,1.9,1206.0,28894.83,0.17,0.0
2025-12-17,3.0,0.6,1.5,-0.3,-2.7,12.4,27.0,190,1.73,0.0,28866.99,0.15,0.0
2025-12-18,4.8,0.2,2.0,2.2,-3.4,11.4,23.4,236,3.91,28056.61,28845.09,0.31,0.0
2025-12-19,1.3,0.1,0.6,-1.5,-2.8,5.9,15.1,1,1.21,0.0,28829.13,0.18,0.0
2025-12-20,0.5,-0.7,-0.2,-2.8,-3.7,7.8,19.1,177,1.38,0.0,28819.13,0.18,0.0
2025-12-21,1.2,-0.2,0.5,-1.8,-3.6,9.4,19.8,237,0.77,0.0,28815.08,0.14,0.6
2025-12-22,3.8,0.4,2.2,0.5,-3.2,13.8,31.3,297,1.34,0.0,28816.98,0.24,0.2
2025-12-23,1.8,-1.9,0.6,-1.6,-6.5,13.1,32.8,359,2.23,7076.33,28824.81,0.27,1.2
2025-12-24,-2.8,-8.9,-7.2,-7.8,-13.9,13.9,33.5,19,3.74,21359.87,28838.59,0.44,0.0
2025-12-25,-3.0,-10.9,-7.1,-8.3,-15.6,16.5,36.7,284,2.45,10128.01,28858.28,0.34,0.0
2025-12-26,0.9,-5.8,-2.1,-4.1,-11.8,22.0,51.5,306,1.3,0.0,28883.86,0.38,3.6
2025-12-27,0.9,0.2,0.6,-3.0,-4.8,21.4,46.8,307,1.78,3307.09,28915.31,0.37,1.1
2025-12-28,1.0,-0.7,0.1,-4.2,-6.8,26.1,61.2,311,2.97,14363.73,28952.61,0.42,5.8
2025-12-29,-0.2,-4.5,-2.1,-5.2,-10.3,22.8,55.1,306,3.03,7200.0,28995.72,0.32,3.0
2025-12-30,-0.4,-5.3,-3.4,-5.4,-11.6,21.0,46.1,276,2.4,4781.49,29044.61,0.34,1.1
2025-12-31,-4.6,-7.1,-5.7,-9.5,-12.8,19.1,40.7,293,2.75,764.24,29099.24,0.3,2.9
2026-01-01,-6.0,-13.4,-9.7,-11.0,-18.7,14.5,31.3,253,3.62,14202.0,29159.57,0.19,0.3
2026-01-02,0.1,-9.9,-2.6,-4.9,-15.7,20.1,42.5,203,2.12,0.0,29225.63,0.35,3.0
2026-01-03,0.4,-3.0,-1.3,-3.6,-8.2,15.7,32.0,225,3.23,5359.21,29298.15,0.32,0.5
2026-01-04,-1.1,-5.5,-3.6,-5.9,-10.7,16.9,35.3,222,4.36,21320.21,29377.15,0.45,1.0
2026-01-05,-4.0,-8.7,-6.7,-8.3,-13.7,13.7,28.1,234,4.88,28537.47,29462.4,0.28,0.0
2026-01-06,-0.6,-6.1,-2.8,-3.3,-10.9,20.8,45.4,114,1.19,0.0,29553.67,0.18,9.0
2026-01-07,-0.6,-2.0,-1.4,-3.8,-6.2,12.7,26.3,2,1.29,0.0,29650.73,0.15,1.9
2026-01-08,1.1,-3.3,-1.4,-1.5,-7.9,16.1,33.8,19,1.68,0.0,29753.37,0.15,16.0
2026-01-09,-0.6,-8.4,-6.5,-5.1,-14.5,21.0,46.4,258,1.6,0.0,29861.34,0.23,5.2
2026-01-10,-8.4,-12.9,-10.4,-14.1,-18.1,15.9,34.9,247,4.55,19223.68,29974.42,0.28,0.2
2026-01-11,-10.9,-17.6,-14.0,-15.2,-23.0,11.4,22.3,271,4.24,16456.26,30092.4,0.18,0.0
2026-01-12,-11.9,-15.1,-13.3,-16.5,-19.8,9.5,19.8,257,4.82,24482.71,30215.04,0.18,0.0
2026-01-13,-10.6,-16.8,-13.3,-14.7,-21.5,8.1,17.3,228,4.75,17709.32,30342.12,0.2,0.5
2026-01-14,-10.6,-13.4,-12.2,-14.6,-17.8,7.8,15.1,3,3.25,267.3,30473.43,0.18,0.2
2026-01-15,-12.6,-18.1,-15.1,-17.2,-22.4,9.0,20.5,39,5.43,24331.0,30608.73,0.2,0.0
2026-01-16,-11.6,-17.4,-15.2,-16.5,-22.3,10.1,22.3,17,5.48,26829.77,30747.83,0.19,0.0
2026-01-17,-10.6,-16.1,-13.4,-15.5,-21.3,12.1,27.4,34,4.23,7674.45,30890.52,0.19,0.0
2026-01-18,-11.8,-18.8,-15.2,-16.0,-23.3,8.7,16.2,32,5.48,22720.24,31036.57,0.2,0.0
2026-01-19,-10.9,-16.8,-14.2,-15.1,-21.0,5.9,13.3,321,3.66,449.82,31185.79,0.17,0.0
2026-01-20,-7.3,-15.8,-12.7,-11.6,-20.7,11.9,24.8,261,5.01,21964.12,31337.99,0.22,0.0
2026-01-21,-7.8,-14.9,-12.1,-11.9,-20.1,11.1,24.8,225,5.09,18844.75,31492.95,0.22,0.0
2026-01-22,-3.4,-10.9,-7.0,-7.2,-15.4,13.1,28.1,109,2.39,0.0,31650.66,0.19,0.0
2026-01-23,-4.4,-8.9,-7.5,-9.3,-13.9,14.6,31.3,80,2.4,0.0,31812.79,0.18,1.3
2026-01-24,-8.2,-13.5,-11.5,-13.0,-18.3,11.1,25.6,70,4.01,114.74,31979.53,0.19,0.0
2026-01-25,-8.8,-12.9,-11.0,-13.7,-17.4,13.3,28.8,87,3.58,3600.0,32150.59,0.2,0.0
2026-01-26,-3.0,-8.8,-5.8,-8.8,-13.8,21.5,45.4,136,1.93,0.0,32325.67,0.21,1.5
2026-01-27,-3.5,-5.0,-4.2,-8.3,-9.8,22.2,46.8,134,3.59,0.0,32504.49,0.24,4.8
2026-01-28,0.8,-4.8,-1.2,-2.3,-9.0,9.9,20.9,166,2.38,0.0,32686.79,0.24,5.0
2026-01-29,0.9,-1.5,0.0,-2.0,-6.1,14.2,29.9,37,3.16,0.0,32872.27,0.28,2.6
2026-01-30,-2.5,-11.4,-7.3,-7.4,-17.5,18.5,42.5,25,4.56,7259.69,33060.7,0.29,0.3
2026-01-31,-10.2,-13.1,-11.9,-16.3,-18.8,20.7,45.0,14,4.75,8837.79,33251.79,0.3,0.0
2026-02-01,-12.9,-17.8,-15.6,-17.7,-23.2,13.5,30.2,344,7.15,27442.84,33445.31,0.26,0.0
2026-02-02,-14.4,-21.6,-18.6,-18.6,-26.4,11.8,22.3,313,8.17,28646.37,33641.0,0.26,0.0
2026-02-03,-11.9,-21.4,-17.4,-15.8,-26.5,10.1,19.1,274,8.47,31795.51,33838.64,0.33,0.0
2026-02-04,-8.2,-20.7,-14.8,-14.0,-25.6,17.1,36.0,123,5.48,10828.62,34037.98,0.25,1.2
2026-02-05,-6.6,-8.0,-7.3,-12.2,-13.7,20.7,41.8,125,2.94,0.0,34238.8,0.27,5.3
2026-02-06,-6.9,-8.2,-7.5,-11.7,-13.6,18.1,38.5,118,4.06,0.0,34440.87,0.31,0.5
2026-02-07,-4.5,-7.1,-5.7,-8.4,-11.6,9.2,20.9,27,3.22,0.0,34643.98,0.25,5.5
2026-02-08,-5.2,-8.6,-5.9,-9.3,-14.5,17.6,40.7,6,5.67,1761.82,34847.94,0.36,0.7
2026-02-09,-8.7,-14.8,-11.3,-13.2,-19.5,14.5,38.2,353,7.9,24705.42,35052.52,0.39,0.0
2026-02-10,-8.3,-21.0,-15.4,-13.7,-26.3,16.4,32.8,194,9.65,31386.13,35257.52,0.43,0.0
2026-02-11,-1.4,-10.9,-5.0,-6.2,-16.7,16.8,35.3,175,4.45,0.0,35462.96,0.36,0.0
2026-02-12,2.0,-0.9,1.2,-1.9,-5.7,18.0,38.2,181,4.33,0.0,35670.7,0.33,0.2
2026-02-13,2.4,0.7,1.8,-0.8,-2.9,13.9,28.1,175,4.54,272.06,35881.04,0.37,0.0
2026-02-14,3.7,0.3,1.5,0.3,-2.7,13.9,28.8,258,6.65,8849.12,36093.77,0.55,0.5
2026-02-15,1.2,-2.0,-0.4,-2.3,-7.0,17.4,37.4,19,4.38,1805.28,36308.65,0.39,10.1
2026-02-16,-2.1,-8.6,-6.8,-7.2,-14.8,22.0,49.0,315,7.64,6904.47,36525.47,0.41,3.0
2026-02-17,-7.0,-10.6,-9.1,-11.5,-15.4,10.1,23.8,50,8.72,18890.19,36744.02,0.46,0.0
2026-02-18,-8.8,-12.6,-10.5,-14.2,-17.7,14.8,34.2,22,7.59,14580.35,36964.09,0.4,1.5
2026-02-19,-3.9,-9.2,-6.9,-8.6,-15.1,17.5,37.4,299,10.23,24991.26,37185.48,0.58,3.0
2026-02-20,-2.0,-7.8,-5.8,-6.5,-12.9,15.1,30.2,286,11.63,32400.0,37407.98,0.8,0.0
2026-02-21,-5.4,-16.2,-10.3,-9.2,-20.7,11.3,27.4,224,10.88,34323.19,37631.41,0.57,0.0
2026-02-22,1.1,-11.9,-5.1,-2.2,-17.0,12.9,24.8,194,7.21,14400.0,37855.58,0.56,0.0
2026-02-23,2.7,0.9,1.6,-0.9,-3.4,17.8,37.1,206,3.4,0.0,38080.3,0.36,5.7
2026-02-24,4.3,1.1,2.3,1.9,-2.2,15.2,31.0,261,6.49,5337.76,38305.4,0.7,0.7
2026-02-25,1.2,-0.3,0.4,-1.5,-4.2,13.2,29.2,324,2.97,0.0,38530.7,0.32,3.2
2026-02-26,-0.4,-3.5,-2.2,-4.8,-8.1,15.7,37.4,356,5.31,470.6,38756.01,0.49,0.0
2026-02-27,-0.8,-3.0,-2.2,-4.3,-6.5,10.1,24.1,181,6.37,2963.05,38981.17,0.54,0.0
2026-02-28,1.6,-4.6,-1.6,-2.2,-8.7,12.9,29.9,213,11.67,35873.55,39206.01,0.82,0.0
2026-03-01,4.6,-3.2,0.3,0.9,-7.9,13.8,27.4,240,12.94,37202.71,39430.37,1.11,0.0
2026-03-02,5.8,0.5,2.4,2.1,-3.4,15.1,31.7,281,10.65,29080.62,39654.07,1.03,0.0
2026-03-03,2.9,0.4,1.6,-1.3,-3.4,14.8,37.1,312,5.07,2065.05,39877.15,0.57,0.0
2026-03-04,7.2,-3.2,1.9,3.1,-7.4,17.1,38.5,257,11.69,37407.73,40101.32,1.14,0.0
2026-03-05,6.6,-0.9,2.6,1.8,-5.6,18.0,42.1,298,13.14,37352.91,40326.93,1.41,0.0
2026-03-06,4.2,0.9,2.2,-0.4,-3.6,16.9,41.4,340,9.08,27351.17,40553.81,1.05,0.0
2026-03-07,8.5,-1.8,2.6,5.2,-5.7,11.2,22.0,269,13.7,38651.6,40781.81,1.62,0.0
2026-03-08,8.4,-0.6,3.6,5.0,-4.1,10.2,19.8,335,14.22,39030.19,41010.78,1.63,0.0
2026-03-09,11.9,0.3,5.0,8.8,-4.1,11.1,21.2,264,14.44,39428.27,41240.56,2.09,0.0
2026-03-10,13.3,0.8,6.5,9.7,-3.2,13.3,27.4,215,14.67,39824.98,41471.0,2.25,0.0
2026-03-11,14.8,3.2,8.3,10.3,-1.6,15.0,35.6,208,14.84,40220.48,41701.96,2.83,0.0
2026-03-12,13.9,2.5,7.9,10.2,-1.2,13.7,27.4,194,14.91,40251.5,41933.27,2.41,0.0
2026-03-13,15.2,1.8,8.1,11.6,-1.6,14.0,29.2,157,14.95,39919.15,42164.8,2.47,0.0
2026-03-14,10.0,1.6,6.2,5.4,-2.7,16.6,42.5,136,15.67,41401.13,42396.41,2.35,0.0
2026-03-15,11.4,0.9,5.9,6.7,-3.6,14.1,33.5,112,15.89,42005.71,42627.96,2.52,0.0
2026-03-16,11.4,0.8,5.9,7.8,-2.9,10.4,22.0,91,15.53,42237.26,42859.28,2.14,0.0
2026-03-17,8.4,-0.3,4.4,5.0,-3.6,9.6,23.0,43,13.29,39454.95,43090.24,1.65,0.0
2026-03-18,5.2,1.7,3.4,2.0,-1.9,14.6,33.8,13,3.86,0.0,43320.71,0.59,0.5
2026-03-19,8.1,2.6,4.9,5.0,-0.7,11.2,28.4,20,6.1,3294.11,43550.53,0.92,0.0
2026-03-20,10.9,1.0,5.7,7.2,-2.3,12.0,25.6,353,16.02,42821.99,43779.55,2.19,0.0
2026-03-21,10.7,0.4,5.0,6.9,-3.1,13.5,35.3,49,12.1,32533.75,44007.65,1.61,0.0
2026-03-22,11.9,0.4,6.0,7.8,-3.4,11.2,31.0,52,17.13,43083.85,44234.66,2.41,0.0
2026-03-23,10.9,0.3,5.8,7.6,-3.0,10.0,22.3,116,15.49,40486.95,44460.61,2.07,0.0
2026-03-24,12.8,0.3,7.2,9.6,-2.5,9.1,19.1,242,17.49,43200.0,44687.06,2.52,0.0
2026-03-25,14.2,3.2,8.6,10.9,-0.4,13.6,28.4,184,13.63,35448.47,44914.36,2.61,0.0
2026-03-26,13.6,4.8,9.3,10.4,1.4,14.7,36.7,140,11.73,29524.71,45142.36,2.17,0.1
2026-03-27,17.0,7.1,11.7,14.5,4.8,10.3,24.8,31,15.28,42810.64,45370.95,2.58,0.0
2026-03-28,14.8,5.2,10.7,11.8,2.3,14.9,37.8,39,11.31,25232.67,45599.97,2.01,0.3
2026-03-29,14.3,8.4,10.5,12.1,6.3,12.5,27.4,40,6.87,4341.97,45829.32,1.3,0.0
2026-03-30,11.1,5.2,8.7,8.7,2.2,13.0,27.0,2,7.19,14729.2,46058.86,1.25,1.5
2026-03-31,16.4,7.4,11.6,15.2,5.0,12.3,27.7,4,14.72,36457.03,46288.44,2.31,0.3
2026-04-01,17.3,8.1,12.6,14.9,6.0,15.5,38.9,343,16.11,43200.0,46517.95,2.66,0.4
2026-04-02,17.3,7.7,11.9,16.1,5.4,11.2,25.6,355,15.72,43200.0,46747.23,2.34,4.9
2026-04-03,15.6,8.0,12.0,13.5,5.9,13.0,37.1,354,16.39,43200.0,46976.16,2.49,0.5
2026-04-04,15.7,7.2,11.6,12.0,3.7,13.0,33.1,308,20.21,43399.54,47204.59,3.52,0.0
2026-04-05,14.7,7.8,10.8,9.7,3.5,17.8,46.4,286,20.4,43716.8,47432.39,3.73,0.0
2026-04-06,14.3,5.1,9.5,10.8,0.3,25.2,63.7,260,8.78,17327.79,47659.4,2.19,1.8
2026-04-07,8.9,3.3,5.4,4.5,-1.5,19.6,52.9,281,12.52,23649.69,47885.49,1.91,1.7
2026-04-08,8.4,2.3,4.4,4.0,-1.5,19.4,47.2,330,12.25,27167.64,48110.49,1.52,0.9
2026-04-09,5.4,1.5,3.5,0.7,-3.0,19.9,45.4,355,8.0,10726.13,48334.27,1.09,1.5
2026-04-10,3.7,1.3,2.7,-0.4,-2.6,19.4,43.6,314,4.52,0.0,48556.65,0.72,2.8
2026-04-11,6.6,0.9,3.3,3.6,-2.3,10.9,28.4,248,9.82,13833.99,48777.48,1.14,2.3
2026-04-12,8.4,0.7,4.1,6.8,-2.0,7.3,21.6,7,15.11,30584.14,48996.76,1.83,0.9
2026-04-13,10.9,1.9,5.7,8.2,-0.9,13.0,32.8,28,14.52,33275.08,49216.02,1.76,0.6
2026-04-14,15.4,3.8,9.6,12.2,0.8,12.9,34.2,347,22.06,48146.34,49435.54,3.25,0.0
2026-04-15,17.1,5.3,11.5,13.7,1.5,13.3,33.8,301,21.95,45372.42,49655.21,3.87,0.0
2026-04-16,17.5,9.4,12.6,14.7,6.5,13.1,31.7,226,14.36,29968.65,49874.89,2.68,0.1
2026-04-17,15.8,8.8,11.5,13.6,6.3,19.5,46.4,287,15.79,25285.56,50094.41,2.74,0.0
2026-04-18,11.6,4.8,8.3,7.9,1.9,16.7,41.0,330,13.24,32338.74,50313.66,1.92,1.1
2026-04-19,11.6,5.1,8.4,7.2,1.9,18.7,47.2,353,17.99,43936.6,50532.45,2.66,0.0
2026-04-20,8.6,4.0,6.2,5.8,1.2,11.1,29.5,17,15.5,28561.28,50750.66,2.15,0.1
2026-04-21,9.0,2.1,5.7,4.9,-1.5,12.4,33.8,333,18.86,48474.3,50968.11,2.52,0.3
2026-04-22,13.7,2.5,8.4,9.9,-1.3,14.1,38.5,312,23.17,45594.43,51184.65,3.72,0.0
2026-04-23,10.7,5.4,8.1,6.3,0.7,28.0,67.0,314,15.75,34751.9,51400.11,3.26,0.9
2026-04-24,10.8,3.2,7.1,6.1,-1.3,20.5,50.4,325,14.53,20703.04,51614.31,2.8,0.0
2026-04-25,14.9,5.1,10.0,11.7,1.2,18.6,46.8,235,10.4,18438.64,51827.09,2.33,0.3
2026-04-26,12.4,3.2,8.3,8.9,-2.7,34.1,82.4,278,11.38,25200.0,52038.26,2.36,5.3
2026-04-27,9.6,0.9,5.3,3.8,-4.7,29.8,72.0,299,19.37,46800.0,52247.64,3.15,0.1
2026-04-28,10.6,2.8,6.4,5.3,-1.5,17.8,45.0,300,20.01,37609.06,52455.03,3.21,0.6
